NPI,NPPES_PROVIDER_LAST_ORG_NAME,NPPES_PROVIDER_FIRST_NAME,NPPES_PROVIDER_CITY,NPPES_PROVIDER_STATE,SPECIALTY_DESCRIPTION,DESCRIPTION_FLAG,DRUG_NAME,GENERIC_NAME,BENE_COUNT,TOTAL_CLAIM_COUNT,TOTAL_DAY_SUPPLY,TOTAL_DRUG_COST,BENE_COUNT_GE65,BENE_COUNT_GE65_SUPPRESS_FLAG,TOTAL_CLAIM_COUNT_GE65,GE65_SUPPRESS_FLAG,TOTAL_DAY_SUPPLY_GE65,TOTAL_DRUG_COST_GE65,YEAR,OPIOID_FLAG
1417912783,BAUGHMAN,ROBERT,CINCINNATI,OH,Pulmonary Disease,S,H.P. ACTHAR,CORTICOTROPIN,18,95,2061,3899342.51,,*,,*,,,2014,
1417964651,AGUS,BERTRAND,NEW YORK,NY,Rheumatology,S,H.P. ACTHAR,CORTICOTROPIN,,16,382,555651.96,,#,,#,,,2014,
1053359356,AHN,JEANIE,FREMONT,CA,Nephrology,S,H.P. ACTHAR,CORTICOTROPIN,,12,204,388471.16,,#,,#,,,2014,
1477584399,ALAPPATT,CHACKO,MIDDLETOWN,OH,Rheumatology,S,H.P. ACTHAR,CORTICOTROPIN,,16,368,745858.53,,#,,#,,,2014,
1942252697,BELLO,ALFONSO,GLENVIEW,IL,Rheumatology,S,H.P. ACTHAR,CORTICOTROPIN,,15,363,675923.55,,*,,*,,,2014,
1811984487,AWERBUCH MD PLLC,GAVIN,SAGINAW,MI,Neurology,S,H.P. ACTHAR,CORTICOTROPIN,,13,65,427005.56,0,,0,,0,0,2014,
1881700334,BOTSON,JOHN,ANCHORAGE,AK,Rheumatology,S,H.P. ACTHAR,CORTICOTROPIN,,41,676,1344798.52,,*,,*,,,2014,
1356316566,BUTLER,ELIZABETH,ATLANTA,GA,Rheumatology,S,H.P. ACTHAR,CORTICOTROPIN,,47,932,1775309.85,,*,,*,,,2014,
1164497236,BUMSTEAD,BARBARA,BAY SHORE,NY,Nurse Practitioner,S,H.P. ACTHAR,CORTICOTROPIN,,16,80,510505.78,,#,,#,,,2014,
1346444742,CAPPS,RAYMOND,TULLAHOMA,TN,Neurology,S,H.P. ACTHAR,CORTICOTROPIN,,14,70,443506.59,,*,,*,,,2014,
1043210214,CHANDRASEKHAR,KAUSALYA,KOKOMO,IN,Rheumatology,S,H.P. ACTHAR,CORTICOTROPIN,,11,187,356192.28,,*,,*,,,2014,
1295709061,CHAUDHRY,ANU,RAHWAY,NJ,Internal Medicine,S,H.P. ACTHAR,CORTICOTROPIN,,12,204,392332.64,,*,12,,204,392332.64,2014,
1801094032,CHAN,JACQUELINE,TRACY,CA,Neurology,S,H.P. ACTHAR,CORTICOTROPIN,,50,1103,1620796.04,,*,,*,,,2014,
1720029317,CHINEA,ANGEL,GUAYNABO,PR,Neurology,S,H.P. ACTHAR,CORTICOTROPIN,,12,60,394419.3,0,,0,,0,0,2014,
1548247679,CHESNER,DAVID,WILLOW GROVE,PA,Rheumatology,S,H.P. ACTHAR,CORTICOTROPIN,,12,847,610392.09,,*,,*,,,2014,
1801864020,DHINDSA,HARPREET,FRESNO,CA,Nephrology,S,H.P. ACTHAR,CORTICOTROPIN,,13,243,426203.52,0,,0,,0,0,2014,
1609962026,DIKRANIAN,ARA,SAN DIEGO,CA,Rheumatology,S,H.P. ACTHAR,CORTICOTROPIN,,31,621,1134758.86,,#,,#,,,2014,
1982667754,DIEHL,MARK,GETTYSBURG,PA,Rheumatology,S,H.P. ACTHAR,CORTICOTROPIN,,24,665,1370455.33,0,,0,,0,0,2014,
1912988668,DEL ROSARIO CABRAL,LUIS,MELBOURNE,FL,Rheumatology,S,H.P. ACTHAR,CORTICOTROPIN,,21,457,871175.68,,#,,#,,,2014,
1033221148,DOMINGUEZ,DANIEL,OROVILLE,CA,Physician Assistant,S,H.P. ACTHAR,CORTICOTROPIN,,22,147,884477.76,0,,0,,0,0,2014,
1871609388,EVANS,WALTER,FLORENCE,SC,Neurology,S,H.P. ACTHAR,CORTICOTROPIN,,13,197,418037.91,0,,0,,0,0,2014,
1467400218,FILIPI,MARY,WAHOO,NE,Nurse Practitioner,S,H.P. ACTHAR,CORTICOTROPIN,,11,78,359372.72,,*,,*,,,2014,
1912999244,FARBER,MARTIN,SCHENECTADY,NY,Rheumatology,S,H.P. ACTHAR,CORTICOTROPIN,,12,226,384982.06,,*,12,,226,384982.06,2014,
1164460887,FIECHTNER,JUSTUS,LANSING,MI,Rheumatology,S,H.P. ACTHAR,CORTICOTROPIN,,28,980,1375077.22,0,,0,,0,0,2014,
1679568885,GOLDSTEIN,MARK,STATEN ISLAND,NY,Rheumatology,S,H.P. ACTHAR,CORTICOTROPIN,,14,284,550148.47,0,,0,,0,0,2014,
1700888559,GRESH,JOHN,OCALA,FL,Rheumatology,S,H.P. ACTHAR,CORTICOTROPIN,,17,346,679625.77,,#,,#,,,2014,
1801077482,HAMMER,LUIS,CORONA,NY,Physician Assistant,S,H.P. ACTHAR,CORTICOTROPIN,19,46,1211,1901938.93,,*,23,,487,867677.87,2014,
1598739104,HASSAN,FAROOQ,HERMITAGE,PA,Rheumatology,S,H.P. ACTHAR,CORTICOTROPIN,,18,306,597586.91,0,,0,,0,0,2014,
1023200565,HEGDE,NIKITA,STOW,OH,Rheumatology,S,H.P. ACTHAR,CORTICOTROPIN,,19,598,811132.81,,#,,#,,,2014,
1780663807,HICKS,WATERS,THOMASVILLE,GA,Nephrology,S,H.P. ACTHAR,CORTICOTROPIN,,15,310,480007.39,,*,,*,,,2014,
1205833662,HO,GERALD,LA PALMA,CA,Rheumatology,S,H.P. ACTHAR,CORTICOTROPIN,,11,273,459209.57,0,,0,,0,0,2014,
1508857665,HOWARD,ANNETTE,HOUSTON,TX,Neurology,S,H.P. ACTHAR,CORTICOTROPIN,11,26,350,1984549.66,,*,,*,,,2014,
1174507800,JONES,RICHARD,TUSCALOOSA,AL,Rheumatology,S,H.P. ACTHAR,CORTICOTROPIN,,28,609,1026294.97,,*,,*,,,2014,
1366411514,KIM,LANCE,OCALA,FL,Neurology,S,H.P. ACTHAR,CORTICOTROPIN,24,41,205,1343269.59,,*,,*,,,2014,
1831152701,KINKEL,PETER,WILLIAMSVILLE,NY,Diagnostic Radiology,S,H.P. ACTHAR,CORTICOTROPIN,,12,60,392415.07,,*,,*,,,2014,
1013087634,KHURANA,RITU,CHESTER,PA,Rheumatology,S,H.P. ACTHAR,CORTICOTROPIN,,13,317,588715.2,0,,0,,0,0,2014,
1346265188,LANIER,BOB,CUMMING,GA,Rheumatology,S,H.P. ACTHAR,CORTICOTROPIN,,13,342,648453.47,,*,,*,,,2014,
1336128859,LEVINE,TODD,PHOENIX,AZ,Neurology,S,H.P. ACTHAR,CORTICOTROPIN,,21,454,689930.39,,#,,#,,,2014,
1619935624,LAWRENCE-FORD,THERESA,LAWRENCEVILLE,GA,Rheumatology,S,H.P. ACTHAR,CORTICOTROPIN,,18,412,778106.05,,*,,*,,,2014,
1558396044,MAHER,LEO,HONOLULU,HI,Neurology,S,H.P. ACTHAR,CORTICOTROPIN,,15,150,1000240.72,,*,,*,,,2014,
1235104209,MADAN,ARVIND,ORLANDO,FL,Nephrology,S,H.P. ACTHAR,CORTICOTROPIN,,12,252,388771.67,,*,,*,,,2014,
1740298967,MILLETTE,TERRENCE,PASCAGOULA,MS,Neurology,S,H.P. ACTHAR,CORTICOTROPIN,,12,120,395712.36,0,,0,,0,0,2014,
1346400207,MISHRA,RICHA,HADDON TOWNSHIP,NJ,Rheumatology,S,H.P. ACTHAR,CORTICOTROPIN,,20,478,835386.94,,*,,*,,,2014,
1699740613,PATEL,DHRUV,ELYRIA,OH,Neurology,S,H.P. ACTHAR,CORTICOTROPIN,12,15,75,488224.8,,*,,*,,,2014,
1609876184,MILLER,LORN,JASPER,AL,Neurology,S,H.P. ACTHAR,CORTICOTROPIN,,11,225,428546.34,0,,0,,0,0,2014,
1316966179,OH,SANGJIN,GLEN BURNIE,MD,Neurology,S,H.P. ACTHAR,CORTICOTROPIN,,17,100,686459.21,0,,0,,0,0,2014,
1417148834,PARRIS,GLENN,LAWRENCEVILLE,GA,Rheumatology,S,H.P. ACTHAR,CORTICOTROPIN,,38,1042,1485699,,*,,*,,,2014,
1679539837,RAM,PANKAJ,FRESNO,CA,Nephrology,S,H.P. ACTHAR,CORTICOTROPIN,,12,204,385584.12,,*,12,,204,385584.12,2014,
1760488449,REARDON,EDWARD,WARWICK,RI,Rheumatology,S,H.P. ACTHAR,CORTICOTROPIN,,19,323,615805.93,0,,0,,0,0,2014,
1124115068,RISER,EMILY,BIRMINGHAM,AL,Neurology,S,H.P. ACTHAR,CORTICOTROPIN,11,14,70,451340.27,,*,,*,,,2014,
1467547232,SAHNI,HARSHA,COLONIA,NJ,Rheumatology,S,H.P. ACTHAR,CORTICOTROPIN,,12,215,388274.23,,*,12,,215,388274.23,2014,
1558346262,STARK,KENNETH,TAVARES,FL,Rheumatology,S,H.P. ACTHAR,CORTICOTROPIN,,25,461,874185.17,,*,,*,,,2014,
1902900301,STODDARD,CHARLES,CONCORD,NC,Internal Medicine,S,H.P. ACTHAR,CORTICOTROPIN,,19,323,632163.88,,*,19,,323,632163.88,2014,
1598767394,VANDELLEN,SUSAN,PORT HURON,MI,Rheumatology,S,H.P. ACTHAR,CORTICOTROPIN,,17,377,565655.92,0,,0,,0,0,2014,
1194818997,SCOVILLE,CRAIG,IDAHO FALLS,ID,Rheumatology,S,H.P. ACTHAR,CORTICOTROPIN,,36,893,1662094.97,,*,,*,,,2014,
1629348214,WILSON,AUBREY,LILLINGTON,NC,Physician Assistant,S,H.P. ACTHAR,CORTICOTROPIN,,21,588,687527.79,0,,0,,0,0,2014,
1417998626,TRAN,TRINH,CORAL SPRINGS,FL,Rheumatology,S,H.P. ACTHAR,CORTICOTROPIN,,11,241,450265.11,,*,,*,,,2014,
1073588844,SHORT,BRIAN,RICHMOND,IN,Nurse Practitioner,S,H.P. ACTHAR,CORTICOTROPIN,,23,523,900995.8,,#,,#,,,2014,
1649244716,SCHECHTMAN,JOY,PEORIA,AZ,Rheumatology,S,H.P. ACTHAR,CORTICOTROPIN,,14,325,615787.34,,*,,*,,,2014,
1033204383,WHITE,JOLYNN,LEXINGTON,MS,Nurse Practitioner,S,H.P. ACTHAR,CORTICOTROPIN,,11,187,353307.6,0,,0,,0,0,2014,
1548262249,SCHUMACHER,THOMAS,ALBANY,NY,Nephrology,S,H.P. ACTHAR,CORTICOTROPIN,,18,306,582169.41,,*,,*,,,2014,
1346292901,TABBY,DAVID,BALA CYNWYD,PA,Neurology,S,H.P. ACTHAR,CORTICOTROPIN,,17,314,820737.08,0,,0,,0,0,2014,
1437199379,WELIK,ROBERT,CUMBERLAND,MD,Internal Medicine,S,H.P. ACTHAR,CORTICOTROPIN,,12,204,394091.9,,*,12,,204,394091.9,2014,
1790755288,SHETH,ANIL,HOUSTON,TX,Nephrology,S,H.P. ACTHAR,CORTICOTROPIN,,11,187,349345,,*,11,,187,349345,2014,
1255340691,WITTENBORN,JEREMY,INDIANAPOLIS,IN,Nephrology,S,H.P. ACTHAR,CORTICOTROPIN,,11,220,361627.44,,*,11,,220,361627.44,2014,
1447269451,WOELTZ,VAN,PADUCAH,KY,Neurology,S,H.P. ACTHAR,CORTICOTROPIN,11,14,75,487508.62,,*,,*,,,2014,
1023138518,WOLINSKY-FRIEDLAND,MARCIE,RIDGEFIELD,CT,Rheumatology,S,H.P. ACTHAR,CORTICOTROPIN,,13,368,498059.39,,*,13,,368,498059.39,2014,
1639195597,TROCHE,RODOLFO,SAN JUAN,PR,Nephrology,S,H.P. ACTHAR,CORTICOTROPIN,0,12,395,829470.86,0,*,12, ,395,829470.86,2015,
1699755009,AHMED,SAGHIR,MACON,GA,Nephrology,S,H.P. ACTHAR,CORTICOTROPIN,0,11,187,392261.1,0, ,0, ,0,0,2015,
1730294125,ATHNI,SUDHIR,MACON,GA,Neurology,S,H.P. ACTHAR,CORTICOTROPIN,0,16,103,537169.88,0,#,0,#,0,0,2015,
1568492346,TWINING,JON,MYRTLE BEACH,SC,Rheumatology,S,H.P. ACTHAR,CORTICOTROPIN,0,22,536,1060347.43,0,*,11, ,187,372010,2015,
1801865779,BACON,ANNE,WINCHESTER,VA,Rheumatology,S,H.P. ACTHAR,CORTICOTROPIN,0,11,227,473515.27,0, ,0, ,0,0,2015,
1881653608,BADDOO,ANDREW,WEST ORANGE,NJ,Nephrology,S,H.P. ACTHAR,CORTICOTROPIN,0,44,1262,1553952.56,0,*,23, ,600,804324.82,2015,
1043242985,BARNEY,JOSEPH,BIRMINGHAM,AL,Pulmonary Disease,S,H.P. ACTHAR,CORTICOTROPIN,0,28,558,1071699.81,0,*,11, ,209,371107.24,2015,
1265435564,BAZEMORE,JAMES,SAVANNAH,GA,Nephrology,S,H.P. ACTHAR,CORTICOTROPIN,0,13,279,587626.29,0, ,0, ,0,0,2015,
1013002328,BHATIA,PERMINDER,FRESNO,CA,Neurology,S,H.P. ACTHAR,CORTICOTROPIN,0,21,105,703813.31,0, ,0, ,0,0,2015,
1972671402,BOWLES,ALVIN,DETROIT,MI,Pulmonary Disease,S,H.P. ACTHAR,CORTICOTROPIN,0,13,315,798485.26,0,*,0,*,0,0,2015,
1881700334,BOTSON,JOHN,ANCHORAGE,AK,Rheumatology,S,H.P. ACTHAR,CORTICOTROPIN,0,39,753,1505787.04,0,*,15, ,255,522996.6,2015,
1053598896,BRENNER,TRACY,INDIANAPOLIS,IN,Rheumatology,S,H.P. ACTHAR,CORTICOTROPIN,0,14,273,539937.18,0,*,0,*,0,0,2015,
1760590624,BROWN,ALAN,NORTH CHARLESTON,SC,Rheumatology,S,H.P. ACTHAR,CORTICOTROPIN,0,16,634,719093.18,0,#,0,#,0,0,2015,
1093828741,BRUNNER,MATTHEW,MORGANTOWN,WV,Internal Medicine,S,H.P. ACTHAR,CORTICOTROPIN,0,19,380,663177.34,0, ,0, ,0,0,2015,
1356316566,BUTLER,ELIZABETH,ATLANTA,GA,Rheumatology,S,H.P. ACTHAR,CORTICOTROPIN,0,36,773,1424728.43,0, ,0, ,0,0,2015,
1548256670,CANFIELD,CHRISTINA,WAKEMAN,OH,Family Practice,S,H.P. ACTHAR,CORTICOTROPIN,0,11,308,375945.76,0,*,11, ,308,375945.76,2015,
1093719023,CHANALES,ALAN,ROCKVILLE,MD,Pulmonary Disease,S,H.P. ACTHAR,CORTICOTROPIN,0,19,489,1000985.23,0,*,0,*,0,0,2015,
1295709061,CHAUDHRY,ANU,RAHWAY,NJ,Internal Medicine,S,H.P. ACTHAR,CORTICOTROPIN,0,21,357,722623.25,0,*,21, ,357,722623.25,2015,
1518976729,DEOCHAND,MOHAN,SANFORD,NC,Neurology,S,H.P. ACTHAR,CORTICOTROPIN,0,11,114,365927.6,0, ,0, ,0,0,2015,
1043248727,EHRESMANN,GLENN,LOS ANGELES,CA,Rheumatology,S,H.P. ACTHAR,CORTICOTROPIN,0,13,221,442592.95,0, ,0, ,0,0,2015,
1669693081,EVANGELISTA,EDGAR JAY,LAS VEGAS,NV,Neurology,S,H.P. ACTHAR,CORTICOTROPIN,0,14,110,737419.92,0,*,0,*,0,0,2015,
1992729313,FERRARI,ALBERT,STOCKTON,CA,Rheumatology,S,H.P. ACTHAR,CORTICOTROPIN,0,13,256,429647,0,*,0,*,0,0,2015,
1144323023,FORSTOT,JOSEPH,BOCA RATON,FL,Rheumatology,S,H.P. ACTHAR,CORTICOTROPIN,0,21,730,982744.02,0,#,0,#,0,0,2015,
1609891613,FREEDMAN,STEVEN,RALEIGH,NC,Neurology,S,H.P. ACTHAR,CORTICOTROPIN,0,16,103,543375.65,0,*,0,*,0,0,2015,
1508827502,VIENNAS,STELIOS,ASTORIA,NY,Internal Medicine,S,H.P. ACTHAR,CORTICOTROPIN,15,63,1816,3529367.41,0,#,0,#,0,0,2015,
1053520759,GERKE,ALICIA,IOWA CITY,IA,Pulmonary Disease,S,H.P. ACTHAR,CORTICOTROPIN,0,15,333,976152.95,0, ,0, ,0,0,2015,
1013928886,GERMIN,LEO,HENDERSON,NV,Neurology,S,H.P. ACTHAR,CORTICOTROPIN,0,13,65,443557.57,0,*,0,*,0,0,2015,
1922025014,GUTIERREZ-ALSINA,RODOLFO,MIAMI,FL,Nephrology,S,H.P. ACTHAR,CORTICOTROPIN,0,14,238,477732.59,0, ,0, ,0,0,2015,
1902885494,HALL,REGINALD,ATLANTA,GA,Neurology,S,H.P. ACTHAR,CORTICOTROPIN,0,18,95,649429.16,0, ,0, ,0,0,2015,
1538169305,HENDON,KENDRA,KNOXVILLE,TN,Nephrology,S,H.P. ACTHAR,CORTICOTROPIN,0,14,238,482157.12,0, ,0, ,0,0,2015,
1659322055,HOSSAIN,S M HAMID,NEWBURGH,NY,Nephrology,S,H.P. ACTHAR,CORTICOTROPIN,0,22,392,798267.26,0, ,0, ,0,0,2015,
1275614455,HUH,BRIAN,LOS ANGELES,CA,Rheumatology,S,H.P. ACTHAR,CORTICOTROPIN,0,18,442,1080531.32,0,*,18, ,442,1080531.32,2015,
1932348729,WALKER,CHAD,SCRANTON,PA,Rheumatology,S,H.P. ACTHAR,CORTICOTROPIN,0,15,418,915211.08,0,#,0,#,0,0,2015,
1497747075,KATARIA,YASH,GREENVILLE,NC,Pulmonary Disease,S,H.P. ACTHAR,CORTICOTROPIN,0,16,344,675528.47,0, ,0, ,0,0,2015,
1508818212,KATZ,VICTORIA,BROOKLYN,NY,Rheumatology,S,H.P. ACTHAR,CORTICOTROPIN,0,39,663,1330684.56,0,*,0,*,0,0,2015,
1750501623,KAZMI,ASIF,MARION,AR,Nephrology,S,H.P. ACTHAR,CORTICOTROPIN,0,13,221,452438.7,0, ,0, ,0,0,2015,
1366411514,KIM,LANCE,OCALA,FL,Neurology,S,H.P. ACTHAR,CORTICOTROPIN,11,17,120,629907.22,0,*,0,*,0,0,2015,
1235326232,KOUYOUMDJIAN,ZEPURE,MORGAN HILL,CA,Neurology,S,H.P. ACTHAR,CORTICOTROPIN,0,16,80,537108.65,0,*,0,*,0,0,2015,
1598712960,KOCH,THERESE,VOORHEES,NJ,Nurse Practitioner,S,H.P. ACTHAR,CORTICOTROPIN,0,15,255,526008.86,0, ,0, ,0,0,2015,
1255340691,WITTENBORN,JEREMY,INDIANAPOLIS,IN,Nephrology,S,H.P. ACTHAR,CORTICOTROPIN,0,11,308,385119.62,0,*,11, ,308,385119.62,2015,
1760559819,LE,THANG,UPLAND,CA,Rheumatology,S,H.P. ACTHAR,CORTICOTROPIN,0,11,239,507247.94,0, ,0, ,0,0,2015,
1740239227,LAVERY,JOHN,ALLEN,TX,Rheumatology,S,H.P. ACTHAR,CORTICOTROPIN,0,19,483,963212.88,0,*,0,*,0,0,2015,
1154516110,MAROZ,NATALLIA,KETTERING,OH,Nephrology,S,H.P. ACTHAR,CORTICOTROPIN,0,11,308,377716.16,0,*,11, ,308,377716.16,2015,
1861680241,MATTILA,ALLISON,LAS VEGAS,NV,Nurse Practitioner,S,H.P. ACTHAR,CORTICOTROPIN,15,23,150,962996.46,0,*,0,*,0,0,2015,
1811918568,MARSHALL,JOHN,BATON ROUGE,LA,Rheumatology,S,H.P. ACTHAR,CORTICOTROPIN,0,17,289,603713.82,0, ,0, ,0,0,2015,
1699760983,MCDOUGAL,GRANT,INDIANAPOLIS,IN,Nephrology,S,H.P. ACTHAR,CORTICOTROPIN,0,14,245,489501.48,0, ,0, ,0,0,2015,
1881823987,MCHUGH,PATRICK,INDIANAPOLIS,IN,Nephrology,S,H.P. ACTHAR,CORTICOTROPIN,0,15,255,519219.9,0,*,15, ,255,519219.9,2015,
1902807845,MICHEL,ELLIOT,NATRONA HEIGHTS,PA,Neurology,S,H.P. ACTHAR,CORTICOTROPIN,0,22,114,755792.3,0,*,0,*,0,0,2015,
1205894631,MURPHY,SAIED,ATLANTA,GA,Nephrology,S,H.P. ACTHAR,CORTICOTROPIN,0,16,373,557975.61,0,*,16, ,373,557975.61,2015,
1588715882,NAPOLI,SALVATORE,NORWOOD,MA,Neurology,S,H.P. ACTHAR,CORTICOTROPIN,11,18,159,601509.36,0,*,0,*,0,0,2015,
1699836726,NGUYEN,PHONG,RESTON,VA,Rheumatology,S,H.P. ACTHAR,CORTICOTROPIN,0,15,447,747797.57,0,*,15, ,447,747797.57,2015,
1316029291,NISSIM,JACK,TOWSON,MD,Pulmonary Disease,S,H.P. ACTHAR,CORTICOTROPIN,0,12,210,494582.06,0, ,0, ,0,0,2015,
1124034400,NIVERA,NOEL,EATONTOWN,NJ,Nephrology,S,H.P. ACTHAR,CORTICOTROPIN,0,11,308,376970.46,0,*,11, ,308,376970.46,2015,
1881673523,OCHOA,FABIO,WARREN,OH,Rheumatology,S,H.P. ACTHAR,CORTICOTROPIN,0,12,340,591099.81,0,*,0,*,0,0,2015,
1699740613,PATEL,DHRUV,ELYRIA,OH,Neurology,S,H.P. ACTHAR,CORTICOTROPIN,18,20,133,688404.13,0,*,0,*,0,0,2015,
1639121239,PAYNE,DAYTON,HICKORY,NC,Rheumatology,S,H.P. ACTHAR,CORTICOTROPIN,0,22,632,1758113.93,0, ,0, ,0,0,2015,
1346257045,PHILLIPS,CHRISTINE,HANOVER,PA,Rheumatology,S,H.P. ACTHAR,CORTICOTROPIN,0,20,394,799421.28,0,#,0,#,0,0,2015,
1124036371,POSADAS,AUGUSTO,TUCSON,AZ,Rheumatology,S,H.P. ACTHAR,CORTICOTROPIN,0,16,272,567535.68,0, ,0, ,0,0,2015,
1760473573,PRASHAD,ROY,RIVERHEAD,NY,Rheumatology,S,H.P. ACTHAR,CORTICOTROPIN,0,59,1354,2728338.44,0,*,31, ,692,1385833.55,2015,
1679539837,RAM,PANKAJ,FRESNO,CA,Nephrology,S,H.P. ACTHAR,CORTICOTROPIN,0,15,288,506718.03,0,*,15, ,288,506718.03,2015,
1760488449,REARDON,EDWARD,WARWICK,RI,Rheumatology,S,H.P. ACTHAR,CORTICOTROPIN,0,34,578,1172162.56,0,#,0,#,0,0,2015,
1730193533,REGULE,DAVID,YOUNGSTOWN,OH,Rheumatology,S,H.P. ACTHAR,CORTICOTROPIN,0,24,540,824544.53,0,*,24, ,540,824544.53,2015,
1851374839,RICCIARDI,DANIEL,BROOKLYN,NY,Rheumatology,S,H.P. ACTHAR,CORTICOTROPIN,0,11,313,625379.72,0,*,0,*,0,0,2015,
1275528598,SALIFU,MORO,BROOKLYN,NY,Nephrology,S,H.P. ACTHAR,CORTICOTROPIN,0,31,527,1044638.75,0, ,0, ,0,0,2015,
1770637670,SAPERSTEIN,GLENN,SAGINAW,MI,Emergency Medicine,S,H.P. ACTHAR,CORTICOTROPIN,14,20,162,883365.15,0,*,0,*,0,0,2015,
1174786297,SINGH,VIJAY,SEWELL,NJ,Rheumatology,S,H.P. ACTHAR,CORTICOTROPIN,18,74,1983,3699868.62,0,*,13, ,346,785450.2,2015,
1326068560,SONG,MARK,LOS ANGELES,CA,Nephrology,S,H.P. ACTHAR,CORTICOTROPIN,0,12,295,618842.21,0,*,12, ,295,618842.21,2015,
1659332054,STADNICK,DAVID,MANSFIELD,OH,Rheumatology,S,H.P. ACTHAR,CORTICOTROPIN,0,12,204,396193.08,0, ,0, ,0,0,2015,
1104858968,STRICEVIC,VERA,NAPLES,FL,Nephrology,S,H.P. ACTHAR,CORTICOTROPIN,0,13,364,434439.16,0,*,13, ,364,434439.16,2015,
1558366237,TEEHAN,GEOFFREY,WYNNEWOOD,PA,Nephrology,S,H.P. ACTHAR,CORTICOTROPIN,0,12,233,473326.23,0,*,12, ,233,473326.23,2015,
1578675971,THEODORIS,ANTHONY,PORT JEFFERSON,NY,Pulmonary Disease,S,H.P. ACTHAR,CORTICOTROPIN,0,13,360,819851.99,0, ,0, ,0,0,2015,
1992827315,TORRES,ALEXANDER,SEBRING,FL,Rheumatology,S,H.P. ACTHAR,CORTICOTROPIN,0,16,272,532108.43,0,*,0,*,0,0,2015,
1437132263,TORRES,ARNALDO,ST PETERSBURG,FL,Rheumatology,S,H.P. ACTHAR,CORTICOTROPIN,0,13,221,443258.25,0,*,13, ,221,443258.25,2015,
1790742799,ZARETSKAYA-FUCHS,MARINA,MIDDLETOWN,CT,Neurology,S,H.P. ACTHAR,CORTICOTROPIN,0,12,214,409996.59,0,*,0,*,0,0,2015,
1154372167,BAKER,MATTHEW,NAPLES,FL,Neurology,S,H.P. ACTHAR,CORTICOTROPIN,14,31,155,1018327.59,,*,12,,60,396999.79,2014,
1972547529,BATT,DAVID,INDIANAPOLIS,IN,Rheumatology,S,H.P. ACTHAR,CORTICOTROPIN,,17,416,674752.16,,*,,*,,,2014,
1104925171,BASS,ANN,SAN ANTONIO,TX,Neurology,S,H.P. ACTHAR,CORTICOTROPIN,,16,194,813051.62,,*,,*,,,2014,
1316931942,BAUER,WILLIAM,BELLEVUE,OH,Neurology,S,H.P. ACTHAR,CORTICOTROPIN,,22,179,752345.9,,*,,*,,,2014,
1316913403,BELL,ALISA,HARRISBURG,PA,Nephrology,S,H.P. ACTHAR,CORTICOTROPIN,,15,255,484546.98,0,,0,,0,0,2014,
1902974447,BAUMSTEIN,DONALD,NEW YORK,NY,Nephrology,S,H.P. ACTHAR,CORTICOTROPIN,,17,289,547505.4,,*,17,,289,547505.4,2014,
1083681183,AL-KABBANI,SAMIR,KNOXVILLE,TN,Neurology,S,H.P. ACTHAR,CORTICOTROPIN,,11,202,355444,,*,,*,,,2014,
1730294125,ATHNI,SUDHIR,MACON,GA,Neurology,S,H.P. ACTHAR,CORTICOTROPIN,,32,206,1042858.59,,#,,#,,,2014,
1801865779,BACON,ANNE,WINCHESTER,VA,Rheumatology,S,H.P. ACTHAR,CORTICOTROPIN,,24,408,775877.58,,*,13,,221,421017.36,2014,
1881743748,BERKOVICH,REGINA,LOS ANGELES,CA,Neurology,S,H.P. ACTHAR,CORTICOTROPIN,,26,849,1555299.14,,*,12,,589,745495.57,2014,
1013002328,BHATIA,PERMINDER,FRESNO,CA,Neurology,S,H.P. ACTHAR,CORTICOTROPIN,,25,223,809888.97,0,,0,,0,0,2014,
1437176963,BRASINGTON,RICHARD,SAINT LOUIS,MO,Rheumatology,S,H.P. ACTHAR,CORTICOTROPIN,,14,238,462700.48,,#,,#,,,2014,
1467436220,BOX,JANE,CHARLOTTE,NC,Rheumatology,S,H.P. ACTHAR,CORTICOTROPIN,,12,204,382548.12,0,,0,,0,0,2014,
1760590624,BROWN,ALAN,NORTH CHARLESTON,SC,Rheumatology,S,H.P. ACTHAR,CORTICOTROPIN,,29,1003,1077583.79,,#,,#,,,2014,
1467444208,CARSILLO,VINCENT,ALBANY,NY,Internal Medicine,S,H.P. ACTHAR,CORTICOTROPIN,,13,232,391305.49,,*,13,,232,391305.49,2014,
1649293705,CARABELLO,VICTOR,LOS ANGELES,CA,Nephrology,S,H.P. ACTHAR,CORTICOTROPIN,,12,222,420337.21,,*,,*,,,2014,
1811915911,CHOU,RICHARD,LEBANON,NH,Rheumatology,S,H.P. ACTHAR,CORTICOTROPIN,,18,306,585214.87,,#,,#,,,2014,
1649232810,COOPER,DIANNE,WICHITA FALLS,TX,Rheumatology,S,H.P. ACTHAR,CORTICOTROPIN,,12,204,395897.68,,*,,*,,,2014,
1881662039,CONDEMI,JOHN,ROCHESTER,NY,Allergy/Immunology,S,H.P. ACTHAR,CORTICOTROPIN,,28,498,886197.08,,*,28,,498,886197.08,2014,
1376785394,COLEMAN,JESSICA,PORT ROYAL,SC,Nephrology,S,H.P. ACTHAR,CORTICOTROPIN,,26,669,1280844.72,,#,,#,,,2014,
1669659306,EASTERLING,CONSTANCE,ORLANDO,FL,Nurse Practitioner,S,H.P. ACTHAR,CORTICOTROPIN,,15,75,473956.04,,*,,*,,,2014,
1598867285,FRIEDMAN,ALAN,BRONX,NY,Nephrology,S,H.P. ACTHAR,CORTICOTROPIN,,11,187,352756.36,,*,11,,187,352756.36,2014,
1609891613,FREEDMAN,STEVEN,RALEIGH,NC,Neurology,S,H.P. ACTHAR,CORTICOTROPIN,,14,70,454278.77,,*,,*,,,2014,
1659322055,HOSSAIN,S. M. HAMID,NEWBURGH,NY,Nephrology,S,H.P. ACTHAR,CORTICOTROPIN,,28,566,1088148.22,0,,0,,0,0,2014,
1659308237,HOZMAN,ROBERT,SKOKIE,IL,Rheumatology,S,H.P. ACTHAR,CORTICOTROPIN,,14,413,638985.03,0,,0,,0,0,2014,
1730293705,JACKSON,ROBERT,MEMPHIS,MO,Internal Medicine,S,H.P. ACTHAR,CORTICOTROPIN,,32,1503,1712681.57,,*,,*,,,2014,
1013909332,KOWAL,CATHERINE,NAPLES,FL,Rheumatology,S,H.P. ACTHAR,CORTICOTROPIN,,12,337,452302.34,0,,0,,0,0,2014,
1235326232,KOUYOUMDJIAN,ZEPURE,MORGAN HILL,CA,Neurology,S,H.P. ACTHAR,CORTICOTROPIN,,11,55,354479.03,0,,0,,0,0,2014,
1841404217,KER,STACY,LIVONIA,MI,Nephrology,S,H.P. ACTHAR,CORTICOTROPIN,,20,340,671850.9,,*,20,,340,671850.9,2014,
1942284948,LASICHAK,LYDIA,W BLOOMFIELD,MI,Rheumatology,S,H.P. ACTHAR,CORTICOTROPIN,,16,539,871335.3,,*,,*,,,2014,
1376755710,LEE,MARYANN,STATEN ISLAND,NY,Rheumatology,S,H.P. ACTHAR,CORTICOTROPIN,,13,221,416055.25,0,,0,,0,0,2014,
1578581427,LIPUT,JOSEPH,PITTSBURGH,PA,Nephrology,S,H.P. ACTHAR,CORTICOTROPIN,,15,466,840663.41,,#,,#,,,2014,
1730271933,MABAQUIAO,ARTHUR,EL CAJON,CA,Rheumatology,S,H.P. ACTHAR,CORTICOTROPIN,,29,533,1034760.15,0,,0,,0,0,2014,
1700996758,MACALUSO,VINCENT,NEW HYDE PARK,NY,Neurology,S,H.P. ACTHAR,CORTICOTROPIN,,11,77,704006.12,,*,,*,,,2014,
1205834397,MURPHY,FREDERICK,DUNCANSVILLE,PA,Rheumatology,S,H.P. ACTHAR,CORTICOTROPIN,,43,771,1492651.37,,#,,#,,,2014,
1548357130,NICOLETTA,ANTONIO,BROOKLYN,NY,Neurology,S,H.P. ACTHAR,CORTICOTROPIN,,14,238,464713.87,,*,14,,238,464713.87,2014,
1356431449,MOUSTAFA,MOUSTAFA,ORANGEBURG,SC,Nephrology,S,H.P. ACTHAR,CORTICOTROPIN,,14,238,463204.68,0,,0,,0,0,2014,
1679533640,MURDOCK,CHARLES,SPARTANBURG,SC,Nephrology,S,H.P. ACTHAR,CORTICOTROPIN,,35,606,1160841.85,,*,35,,606,1160841.85,2014,
1588715882,NAPOLI,SALVATORE,NORWOOD,MA,Neurology,S,H.P. ACTHAR,CORTICOTROPIN,,13,65,422423.33,0,,0,,0,0,2014,
1467633743,MURRAY,STACEY,ABINGTON,MA,Nurse Practitioner,S,H.P. ACTHAR,CORTICOTROPIN,,12,60,388736.29,0,,0,,0,0,2014,
1760473573,PRASHAD,ROY,RIVERHEAD,NY,Rheumatology,S,H.P. ACTHAR,CORTICOTROPIN,,55,1091,2098935.78,,*,17,,380,744288.49,2014,
1275519530,RAMOS,JULIO,AVOCA,PA,Rheumatology,S,H.P. ACTHAR,CORTICOTROPIN,,30,510,977879.44,0,,0,,0,0,2014,
1801894365,REYNOLDS,DAVID,SHERMAN,TX,Nephrology,S,H.P. ACTHAR,CORTICOTROPIN,,16,320,1059362.97,0,,0,,0,0,2014,
1609067792,RENGEN,ROHAN,FREDERICK,MD,Internal Medicine,S,H.P. ACTHAR,CORTICOTROPIN,,11,271,394919.64,,*,11,,271,394919.64,2014,
1467553149,WILSON,CHRISTOPHER,PLAINFIELD,IN,Neurology,S,H.P. ACTHAR,CORTICOTROPIN,,12,338,388030.47,0,,0,,0,0,2014,
1568657146,THAKUR,NITI,EAST LANSING,MI,Rheumatology,S,H.P. ACTHAR,CORTICOTROPIN,,30,1293,1643160.99,,*,,*,,,2014,
1861455099,TIMMS,PATRICK,PUEBLO,CO,Rheumatology,S,H.P. ACTHAR,CORTICOTROPIN,,14,268,595184.1,,*,,*,,,2014,
1750452116,SHAH,TARIQ,LOS ANGELES,CA,Internal Medicine,S,H.P. ACTHAR,CORTICOTROPIN,,11,308,353970.78,0,,0,,0,0,2014,
1619970290,STRONG,JAMES,BIRMINGHAM,AL,Neurology,S,H.P. ACTHAR,CORTICOTROPIN,,11,101,357882.87,,*,,*,,,2014,
1508827502,VIENNAS,STELIOS,ASTORIA,NY,Internal Medicine,S,H.P. ACTHAR,CORTICOTROPIN,11,48,1261,2081354.1,,#,,#,,,2014,
1467418053,TUMLIN,JAMES,CHATTANOOGA,TN,Neurology,S,H.P. ACTHAR,CORTICOTROPIN,,25,701,1034169.68,,*,,*,,,2014,
1730170580,TOBIN,MORRIS,PARIS,TX,Nephrology,S,H.P. ACTHAR,CORTICOTROPIN,,17,289,563549.12,,#,,#,,,2014,
1336378405,SHRESTHA,ASHA,BANGOR,ME,Rheumatology,S,H.P. ACTHAR,CORTICOTROPIN,,11,187,354843.72,0,,0,,0,0,2014,
1801044722,SHAFFER,WILLIAM,GREELEY,CO,Neurology,S,H.P. ACTHAR,CORTICOTROPIN,17,40,575,3623509.21,,*,11,,155,1019099.13,2014,
1104823509,TABER,TIM,INDIANAPOLIS,IN,Nephrology,S,H.P. ACTHAR,CORTICOTROPIN,,13,221,430661.08,,*,13,,221,430661.08,2014,
1467458661,STEINER,DAVID,CEDARHURST,NY,Neurology,S,H.P. ACTHAR,CORTICOTROPIN,,22,110,710487.54,0,,0,,0,0,2014,
1710971700,WYNN,DANIEL,NORTHBROOK,IL,Neurology,S,H.P. ACTHAR,CORTICOTROPIN,13,17,90,581707.43,,*,,*,,,2014,
1942220702,ZANETAKIS,ELLEN,TULSA,OK,Rheumatology,S,H.P. ACTHAR,CORTICOTROPIN,,24,1389,1441867.48,,#,,#,,,2014,
1245240274,WRIGHT,GRACE,NEW YORK,NY,Rheumatology,S,H.P. ACTHAR,CORTICOTROPIN,,11,608,1106812.42,,*,,*,,,2014,
1467418053,TUMLIN,JAMES,CHATTANOOGA,TN,Neurology,S,H.P. ACTHAR,CORTICOTROPIN,0,35,881,1732290.73,0,#,0,#,0,0,2015,
1629165162,AGOSTO-COLON,ENEIDA,JACKSON HEIGHTS,NY,Internal Medicine,S,H.P. ACTHAR,CORTICOTROPIN,0,36,673,1369583.01,0,*,15, ,249,514691.64,2015,
1083681183,AL-KABBANI,SAMIR,KNOXVILLE,TN,Neurology,S,H.P. ACTHAR,CORTICOTROPIN,0,17,337,576129.58,0,#,0,#,0,0,2015,
1396701710,TURNER,ALLAN,GREENWOOD,SC,Internal Medicine,S,H.P. ACTHAR,CORTICOTROPIN,0,14,296,580336.51,0,*,0,*,0,0,2015,
1154372688,ARAUJO-PREZA,CARLOS,THE WOODLANDS,TX,Pulmonary Disease,S,H.P. ACTHAR,CORTICOTROPIN,0,13,221,456689.58,0, ,0, ,0,0,2015,
1316913403,BELL,ALISA,HARRISBURG,PA,Nephrology,S,H.P. ACTHAR,CORTICOTROPIN,0,15,277,568998.3,0, ,0, ,0,0,2015,
1093723793,BRAZLEY,LARRY,MERRILLVILLE,IN,Rheumatology,S,H.P. ACTHAR,CORTICOTROPIN,0,17,307,603147.33,0,#,0,#,0,0,2015,
1083650345,CHANDLER,ANGELA,JACKSON,MS,Neurology,S,H.P. ACTHAR,CORTICOTROPIN,0,12,83,408705.08,0, ,0, ,0,0,2015,
1861696247,CHANDLER,DEBORAH,ORLANDO,FL,Nurse Practitioner,S,H.P. ACTHAR,CORTICOTROPIN,0,11,55,379461.62,0, ,0, ,0,0,2015,
1982806329,CHONGKRAIRATANAKUL,TEPSIRI,SUMTER,SC,Internal Medicine,S,H.P. ACTHAR,CORTICOTROPIN,0,14,445,959658.03,0,*,0,*,0,0,2015,
1871718189,CHITKARA,PUJA,CHULA VISTA,CA,Rheumatology,S,H.P. ACTHAR,CORTICOTROPIN,16,62,1459,2870975.55,0,*,29, ,823,1603898.6,2015,
1811949704,CHRISTOPHER,LISA,BALTIMORE,MD,Rheumatology,S,H.P. ACTHAR,CORTICOTROPIN,0,13,221,441439.04,0, ,0, ,0,0,2015,
1811915911,CHOU,RICHARD,LEBANON,NH,Internal Medicine,S,H.P. ACTHAR,CORTICOTROPIN,0,30,594,1077831.33,0,*,15, ,299,577241.37,2015,
1013944016,DAVIDSON,BENTON,SALEM,OR,Neurology,S,H.P. ACTHAR,CORTICOTROPIN,0,19,532,620019.35,0,*,0,*,0,0,2015,
1467478727,DHAWAN,RAJNISH,CHESAPEAKE,VA,Pulmonary Disease,S,H.P. ACTHAR,CORTICOTROPIN,0,12,287,599236.82,0,*,0,*,0,0,2015,
1669659306,EASTERLING,CONSTANCE,ORLANDO,FL,Nurse Practitioner,S,H.P. ACTHAR,CORTICOTROPIN,0,23,115,782059.58,0,*,0,*,0,0,2015,
1720036957,ELLIOTT,CYNTHIA,LAWRENCEVILLE,GA,Rheumatology,S,H.P. ACTHAR,CORTICOTROPIN,0,30,624,1313990.42,0,*,14, ,276,550719.4,2015,
1811199227,ESKAPALLI,SWARUPA RANI,MISHAWAKA,IN,Internal Medicine,S,H.P. ACTHAR,CORTICOTROPIN,0,13,221,437564.36,0, ,0, ,0,0,2015,
1063435428,VERSON,REINALDO,COLUMBUS,GA,Neurology,S,H.P. ACTHAR,CORTICOTROPIN,0,21,345,733919.66,0,#,0,#,0,0,2015,
1700980034,VIEIRA,CRISTOVAO,SHELBYVILLE,IN,Nephrology,S,H.P. ACTHAR,CORTICOTROPIN,0,28,562,1085726.25,0,#,0,#,0,0,2015,
1386814226,VIJ,RAJIV,LONGVIEW,TX,Nephrology,S,H.P. ACTHAR,CORTICOTROPIN,0,32,544,1094026.34,0,*,32, ,544,1094026.34,2015,
1679568885,GOLDSTEIN,MARK,STATEN ISLAND,NY,Rheumatology,S,H.P. ACTHAR,CORTICOTROPIN,0,18,406,777717.04,0,*,0,*,0,0,2015,
1225065774,GORDON,GARY,WYNNEWOOD,PA,Rheumatology,S,H.P. ACTHAR,CORTICOTROPIN,0,14,401,783471.19,0,*,0,*,0,0,2015,
1093911356,GOSS,BRITTANY,NAPA,CA,Rheumatology,S,H.P. ACTHAR,CORTICOTROPIN,0,14,238,480343.48,0,*,14, ,238,480343.48,2015,
1588811194,GREENHOUSE,IRENE,JAMISON,PA,Neurology,S,H.P. ACTHAR,CORTICOTROPIN,0,11,154,406545.02,0,*,0,*,0,0,2015,
1720107741,HAWRUK,ELIZABETH,BUTLER,NJ,Rheumatology,S,H.P. ACTHAR,CORTICOTROPIN,0,15,288,522289.78,0, ,0, ,0,0,2015,
1508857665,HOWARD,ANNETTE,HOUSTON,TX,Neurology,S,H.P. ACTHAR,CORTICOTROPIN,0,17,250,1278602.54,0,*,0,*,0,0,2015,
1447572169,HUYNH-DUC,LONG,GREENVILLE,SC,Internal Medicine,S,H.P. ACTHAR,CORTICOTROPIN,0,25,460,989355.81,0,*,12, ,217,463598.63,2015,
1629150081,HWANG,DANIEL,SAN BERNARDINO,CA,Nephrology,S,H.P. ACTHAR,CORTICOTROPIN,0,13,221,445811.46,0, ,0, ,0,0,2015,
1033389903,HYLTON,DIANA,MERCED,CA,Neurology,S,H.P. ACTHAR,CORTICOTROPIN,0,16,164,850156.34,0,#,0,#,0,0,2015,
1538190806,JOSHI,ROHINI,MODESTO,CA,Neurology,S,H.P. ACTHAR,CORTICOTROPIN,0,13,129,509218.94,0, ,0, ,0,0,2015,
1174507800,JONES,RICHARD,TUSCALOOSA,AL,Rheumatology,S,H.P. ACTHAR,CORTICOTROPIN,0,15,453,817038.66,0,*,0,*,0,0,2015,
1396784161,KALYA,SAVITHA,PEORIA,AZ,Rheumatology,S,H.P. ACTHAR,CORTICOTROPIN,0,16,370,768329.9,0,*,16, ,370,768329.9,2015,
1740209303,KARAMLOU,KATHY,NEWPORT BEACH,CA,Rheumatology,S,H.P. ACTHAR,CORTICOTROPIN,0,21,423,697157.86,0,*,0,*,0,0,2015,
1225073232,KHAN,RUBINA,FORT WORTH,TX,Nephrology,S,H.P. ACTHAR,CORTICOTROPIN,0,11,187,392261.1,0,*,11, ,187,392261.1,2015,
1003015280,WALSH,KATHERINE,JACKSONVILLE,FL,Physician Assistant,S,H.P. ACTHAR,CORTICOTROPIN,0,14,408,486777.7,0,*,0,*,0,0,2015,
1730185471,KLEIN,STEVEN,HAGERSTOWN,MD,Rheumatology,S,H.P. ACTHAR,CORTICOTROPIN,0,12,312,456298.48,0,#,0,#,0,0,2015,
1285749390,KOZLOWSKI,STEPHEN,SYCAMORE,IL,Rheumatology,S,H.P. ACTHAR,CORTICOTROPIN,0,18,446,963511.23,0, ,0, ,0,0,2015,
1831308162,LADINO AVELLANEDA,MARCO,MIAMI,FL,Nephrology,S,H.P. ACTHAR,CORTICOTROPIN,0,13,221,439179.24,0,*,13, ,221,439179.24,2015,
1346265188,LANIER,BOB,CUMMING,GA,Rheumatology,S,H.P. ACTHAR,CORTICOTROPIN,0,13,420,893482.36,0,*,0,*,0,0,2015,
1942284948,LASICHAK,LYDIA,W BLOOMFIELD,MI,Rheumatology,S,H.P. ACTHAR,CORTICOTROPIN,0,26,530,893119.99,0,*,11, ,264,387181.42,2015,
1235108697,LEE,TYRONE,CONWAY,AR,Pulmonary Disease,S,H.P. ACTHAR,CORTICOTROPIN,0,22,656,1493695.57,0, ,0, ,0,0,2015,
1942265533,LOPEZ,MANUEL,EL PASO,TX,Nephrology,S,H.P. ACTHAR,CORTICOTROPIN,0,11,187,382967.85,0, ,0, ,0,0,2015,
1659316909,MAHFOOD,J,PORT ST LUCIE,FL,Rheumatology,S,H.P. ACTHAR,CORTICOTROPIN,0,13,394,783496.57,0,*,0,*,0,0,2015,
1346216371,MALONE,DANIEL,BEAVER DAM,WI,Internal Medicine,S,H.P. ACTHAR,CORTICOTROPIN,0,15,268,544205.93,0,*,15, ,268,544205.93,2015,
1689895534,MALONE,JUSTIN,COLUMBIA,MO,Neurology,S,H.P. ACTHAR,CORTICOTROPIN,0,13,298,450570.75,0,*,13, ,298,450570.75,2015,
1740212042,MARTINEZ,CESAR,EDINBURG,TX,Nephrology,S,H.P. ACTHAR,CORTICOTROPIN,0,18,306,619760.87,0,*,18, ,306,619760.87,2015,
1578543344,MECKLER,ROY,LOUISVILLE,KY,Neurology,S,H.P. ACTHAR,CORTICOTROPIN,11,21,151,712986.49,0,*,0,*,0,0,2015,
1700856697,MHATRE,VIJAY,TOPEKA,KS,Rheumatology,S,H.P. ACTHAR,CORTICOTROPIN,0,17,431,702852.51,0,*,17, ,431,702852.51,2015,
1447283734,MINAGAR,ALIREZA,SHREVEPORT,LA,Neurology,S,H.P. ACTHAR,CORTICOTROPIN,0,11,55,378125.85,0,*,0,*,0,0,2015,
1952580995,WEI,NATHAN,FREDERICK,MD,Rheumatology,S,H.P. ACTHAR,CORTICOTROPIN,0,16,363,779851.9,0,*,16, ,363,779851.9,2015,
1245232032,MISKOFF,JEFFREY,MANASQUAN,NJ,Pulmonary Disease,S,H.P. ACTHAR,CORTICOTROPIN,0,11,396,497022.22,0, ,0, ,0,0,2015,
1235185315,MORRIS,JOHN,MEMPHIS,TN,Nephrology,S,H.P. ACTHAR,CORTICOTROPIN,0,12,302,604764.9,0,*,12, ,302,604764.9,2015,
1356431449,MOUSTAFA,MOUSTAFA,ORANGEBURG,SC,Nephrology,S,H.P. ACTHAR,CORTICOTROPIN,0,18,306,628871.25,0, ,0, ,0,0,2015,
1699771527,MORISETTY,SATYASAGAR,STEUBENVILLE,OH,Pulmonary Disease,S,H.P. ACTHAR,CORTICOTROPIN,0,17,340,591803.16,0,*,17, ,340,591803.16,2015,
1356449367,NIEMER,GREGORY,NORTH CHARLESTON,SC,Rheumatology,S,H.P. ACTHAR,CORTICOTROPIN,0,11,505,1134644.14,0, ,0, ,0,0,2015,
1841465143,PEREDO-WENDE,RUBEN,ALBANY,NY,Rheumatology,S,H.P. ACTHAR,CORTICOTROPIN,0,21,265,743853,0, ,0, ,0,0,2015,
1154306603,PETROS,DAVID,CORPUS CHRISTI,TX,Rheumatology,S,H.P. ACTHAR,CORTICOTROPIN,0,26,533,1120286.87,0,*,0,*,0,0,2015,
1538329982,QATTASH,ISMAIL,CHAMPAIGN,IL,Nephrology,S,H.P. ACTHAR,CORTICOTROPIN,0,13,311,622939.25,0,*,13, ,311,622939.25,2015,
1043489776,RICHARDS,GEORGIANNA,BECKLEY,WV,Neurology,S,H.P. ACTHAR,CORTICOTROPIN,0,11,55,379027.88,0,*,0,*,0,0,2015,
1366536708,RISKIN,WAYNE,HOLLYWOOD,FL,Rheumatology,S,H.P. ACTHAR,CORTICOTROPIN,0,17,390,612044.22,0, ,0, ,0,0,2015,
1750376562,SALEEM,GULRUKH,LEESBURG,VA,Rheumatology,S,H.P. ACTHAR,CORTICOTROPIN,0,11,297,449740.83,0, ,0, ,0,0,2015,
1205868668,SANTIONI,MARIANNE,OLD FORGE,PA,Internal Medicine,S,H.P. ACTHAR,CORTICOTROPIN,0,17,451,865187.62,0,*,0,*,0,0,2015,
1558377879,SANNER,COLIN,SEGUIN,TX,Neurology,S,H.P. ACTHAR,CORTICOTROPIN,0,15,140,932354.16,0, ,0, ,0,0,2015,
1063490845,SCHLESSEL,KEVIN,COLUMBUS,OH,Rheumatology,S,H.P. ACTHAR,CORTICOTROPIN,0,16,366,749047.2,0,*,0,*,0,0,2015,
1437390515,SCHRIER,PETER,FRESH MEADOWS,NY,Internal Medicine,S,H.P. ACTHAR,CORTICOTROPIN,0,13,221,436815,0, ,0, ,0,0,2015,
1962488080,SINEWAY,MICHAEL,LAWRENCEVILLE,GA,Pulmonary Disease,S,H.P. ACTHAR,CORTICOTROPIN,0,18,443,882066.67,0, ,0, ,0,0,2015,
1467648683,SPRINGER,KATIE,SCHAUMBURG,IL,Physician Assistant,S,H.P. ACTHAR,CORTICOTROPIN,0,11,355,712580.05,0, ,0, ,0,0,2015,
1992942551,STEFANCHIK,BETH,KINGSTON,NY,Nephrology,S,H.P. ACTHAR,CORTICOTROPIN,0,12,204,405000.15,0,*,12, ,204,405000.15,2015,
1346218856,SWAN,ALEXANDER,AVENEL,NJ,Internal Medicine,S,H.P. ACTHAR,CORTICOTROPIN,0,12,353,619120.55,0,*,0,*,0,0,2015,
1568657146,THAKUR,NITI,EAST LANSING,MI,Rheumatology,S,H.P. ACTHAR,CORTICOTROPIN,0,31,752,1468287.21,0,*,0,*,0,0,2015,
1063587061,WILSON,WILLIAM,ATLANTA,GA,Rheumatology,S,H.P. ACTHAR,CORTICOTROPIN,13,53,1559,3123162.78,0,*,23, ,525,1019599.08,2015,
1710971700,WYNN,DANIEL,NORTHBROOK,IL,Neurology,S,H.P. ACTHAR,CORTICOTROPIN,15,18,100,684379.59,0,*,0,*,0,0,2015,
1023082914,ZARIF,MYASSAR,ISLIP,NY,Neurology,S,H.P. ACTHAR,CORTICOTROPIN,0,13,65,442322.51,0,*,0,*,0,0,2015,
1902910854,ZGODA,MICHAEL,CHARLOTTE,NC,Internal Medicine,S,H.P. ACTHAR,CORTICOTROPIN,0,16,462,1124497.7,0, ,0, ,0,0,2015,
1043242985,BARNEY,JOSEPH,BIRMINGHAM,AL,Pulmonary Disease,S,H.P. ACTHAR,CORTICOTROPIN,,27,738,1072207.62,,*,11,,198,353811.04,2014,
1881653608,BADDOO,ANDREW,WEST ORANGE,NJ,Nephrology,S,H.P. ACTHAR,CORTICOTROPIN,,30,803,1048236.05,,*,17,,373,561044.05,2014,
1578557500,AWAD,ERIC,ATLANTA,GA,Neurology,S,H.P. ACTHAR,CORTICOTROPIN,,16,287,526112.04,0,,0,,0,0,2014,
1568505170,BEN-ARTZI,AMI,BEVERLY HILLS,CA,Rheumatology,S,H.P. ACTHAR,CORTICOTROPIN,,15,291,555240.6,,*,,*,,,2014,
1598739823,BRAVO,JULIO,WINSTON SALEM,NC,Rheumatology,S,H.P. ACTHAR,CORTICOTROPIN,,12,323,484757.87,,*,12,,323,484757.87,2014,
1548255318,CHONG,TAE KAE,INDIANAPOLIS,IN,Nephrology,S,H.P. ACTHAR,CORTICOTROPIN,,11,321,486249.83,,*,11,,321,486249.83,2014,
1871718189,CHITKARA,PUJA,CHULA VISTA,CA,Rheumatology,S,H.P. ACTHAR,CORTICOTROPIN,,11,336,455297.48,,*,,*,,,2014,
1801856893,CONNER,KENNETH,CAMP HILL,PA,Internal Medicine,S,H.P. ACTHAR,CORTICOTROPIN,,14,294,454483.09,,*,14,,294,454483.09,2014,
1871530469,CONNER,KEVIN,ARLINGTON,TX,Neurology,S,H.P. ACTHAR,CORTICOTROPIN,,11,302,370128.22,,*,11,,302,370128.22,2014,
1992746820,CUESTA,INOCENCIO,FARMINGTON HILLS,MI,Internal Medicine,S,H.P. ACTHAR,CORTICOTROPIN,,16,338,519139.13,,#,,#,,,2014,
1396740171,DIN,ZIA,ANDERSON,SC,Nephrology,S,H.P. ACTHAR,CORTICOTROPIN,,12,204,397560.82,0,,0,,0,0,2014,
1689640856,FREYNE,BRIGID,MURRIETA,CA,Rheumatology,S,H.P. ACTHAR,CORTICOTROPIN,,12,204,387105.24,,*,,*,,,2014,
1962419838,GANESH,MANICKAM,WEST ORANGE,NJ,Nephrology,S,H.P. ACTHAR,CORTICOTROPIN,,28,633,1012627.93,,#,,#,,,2014,
1407093818,FLAUGHER,CANDICE,RICHMOND,IN,Rheumatology,S,H.P. ACTHAR,CORTICOTROPIN,11,55,1132,2240661.96,,*,,*,,,2014,
1992794614,FRASER,DAVID,JACKSONVILLE,NC,Rheumatology,S,H.P. ACTHAR,CORTICOTROPIN,,19,323,616566.2,0,,0,,0,0,2014,
1417055922,GARWACKI,DENNIS,PEORIA,IL,Neurology,S,H.P. ACTHAR,CORTICOTROPIN,,15,348,497698.45,,#,,#,,,2014,
1669571113,GELBER,DAVID,SPRINGFIELD,IL,Neurology,S,H.P. ACTHAR,CORTICOTROPIN,17,26,158,845271.78,0,,0,,0,0,2014,
1588811194,GREENHOUSE,IRENE,JAMISON,PA,Neurology,S,H.P. ACTHAR,CORTICOTROPIN,,11,80,361327.06,,*,,*,,,2014,
1508876509,GUASCH,ANTONIO,ATLANTA,GA,Nephrology,S,H.P. ACTHAR,CORTICOTROPIN,,56,1111,2247712.58,,*,25,,503,1103670.98,2014,
1841230299,GUERRA,GISELLE,MIAMI,FL,Nephrology,S,H.P. ACTHAR,CORTICOTROPIN,,11,198,356426.52,0,,0,,0,0,2014,
1982622825,HEGAB,IBRAHIM,RICHMOND,VA,Neurology,S,H.P. ACTHAR,CORTICOTROPIN,,13,70,450353.13,0,,0,,0,0,2014,
1720199292,KAMMEYER,ANN,MARYSVILLE,WA,Family Practice,S,H.P. ACTHAR,CORTICOTROPIN,,18,372,581327.04,0,,0,,0,0,2014,
1508818212,KATZ,VICTORIA,BROOKLYN,NY,Rheumatology,S,H.P. ACTHAR,CORTICOTROPIN,,14,249,450478.4,0,,0,,0,0,2014,
1619072188,KATARIA,RAJESH,WHEELERSBURG,OH,Rheumatology,S,H.P. ACTHAR,CORTICOTROPIN,,12,204,388413.14,0,,0,,0,0,2014,
1811931546,LAGANKE,CHRISTOPHER,CULLMAN,AL,Neurology,S,H.P. ACTHAR,CORTICOTROPIN,14,20,105,674773.58,,*,,*,,,2014,
1568408532,KUPIN,WARREN,MIAMI,FL,Nephrology,S,H.P. ACTHAR,CORTICOTROPIN,,29,493,946348.53,,#,,#,,,2014,
1558369553,MANDEL,DAVID,MAYFIELD VILLAGE,OH,Rheumatology,S,H.P. ACTHAR,CORTICOTROPIN,14,126,2407,4426049.84,,*,67,,1382,2455453.45,2014,
1346216371,MALONE,DANIEL,BEAVER DAM,WI,Rheumatology,S,H.P. ACTHAR,CORTICOTROPIN,,30,546,1041949.92,,#,,#,,,2014,
1891786059,MAQUERA,VICTOR,ORANGE PARK,FL,Neurology,S,H.P. ACTHAR,CORTICOTROPIN,,14,95,458318.97,0,,0,,0,0,2014,
1154516110,MAROZ,NATALLIA,DAYTON,OH,Nephrology,S,H.P. ACTHAR,CORTICOTROPIN,,23,442,750597.64,,*,23,,442,750597.64,2014,
1922200260,MATTIAZZI,ADELA,MIAMI,FL,Internal Medicine,S,H.P. ACTHAR,CORTICOTROPIN,,20,366,718309.7,,*,,*,,,2014,
1861680241,MATTILA,ALLISON,LAS VEGAS,NV,Nurse Practitioner,S,H.P. ACTHAR,CORTICOTROPIN,17,25,216,1267063.07,,*,,*,,,2014,
1578630216,NEWSOME,VERONICA,DU BOIS,PA,Rheumatology,S,H.P. ACTHAR,CORTICOTROPIN,,39,740,1274066.3,,*,,*,,,2014,
1205894631,MURPHY,SAIED,ATLANTA,GA,Nephrology,S,H.P. ACTHAR,CORTICOTROPIN,,18,372,596007.76,,#,,#,,,2014,
1083771927,MIHINDUKULASURIYA,JOSEPH,GLENS FALLS,NY,Nephrology,S,H.P. ACTHAR,CORTICOTROPIN,,12,336,399105.19,,*,12,,336,399105.19,2014,
1881673523,OCHOA,FABIO,WARREN,OH,Rheumatology,S,H.P. ACTHAR,CORTICOTROPIN,,23,460,868167.86,0,,0,,0,0,2014,
1275548943,PRASAD,RAJEEV,LAS VEGAS,NV,Nephrology,S,H.P. ACTHAR,CORTICOTROPIN,,11,187,360451.63,,*,11,,187,360451.63,2014,
1922047067,RAJAN,JAMES,CANTON,OH,Nephrology,S,H.P. ACTHAR,CORTICOTROPIN,,13,293,545575.68,,*,,*,,,2014,
1518931195,RICH,LISA,MILWAUKEE,WI,Nephrology,S,H.P. ACTHAR,CORTICOTROPIN,,19,359,684247.4,,*,19,,359,684247.4,2014,
1205868668,SANTIONI,MARIANNE,OLD FORGE,PA,Internal Medicine,S,H.P. ACTHAR,CORTICOTROPIN,,14,392,678866.97,,*,,*,,,2014,
1699731273,ROSEN,RAQUEL,COOPERSTOWN,NY,Nephrology,S,H.P. ACTHAR,CORTICOTROPIN,,14,238,445960.95,,#,,#,,,2014,
1558377879,SANNER,COLIN,SEGUIN,TX,Neurology,S,H.P. ACTHAR,CORTICOTROPIN,,25,235,1513115.7,0,,0,,0,0,2014,
1295737609,SALENGER,PAGE,ALBANY,NY,Nephrology,S,H.P. ACTHAR,CORTICOTROPIN,,13,243,385756.02,,*,13,,243,385756.02,2014,
1639250855,SARBU,MONA,CHICO,CA,Nephrology,S,H.P. ACTHAR,CORTICOTROPIN,,12,204,387120.24,0,,0,,0,0,2014,
1114014438,SAWHNEY,AJIT,FOUNTAIN VALLEY,CA,Nephrology,S,H.P. ACTHAR,CORTICOTROPIN,,13,348,584016.32,,*,13,,348,584016.32,2014,
1033173794,SRIDHARAN,SUGANDHI,KALAMAZOO,MI,Neurology,S,H.P. ACTHAR,CORTICOTROPIN,,18,182,590211,,*,,*,,,2014,
1134234859,WELLS,ALVIN,FRANKLIN,WI,Rheumatology,S,H.P. ACTHAR,CORTICOTROPIN,,11,308,354865.72,0,,0,,0,0,2014,
1972662393,THEUVENET,NICOLE,HENDERSON,NV,Neurology,S,H.P. ACTHAR,CORTICOTROPIN,,14,138,760079.7,0,,0,,0,0,2014,
1336146679,VEGA,SERGIO,WEST PALM BEACH,FL,Nephrology,S,H.P. ACTHAR,CORTICOTROPIN,,16,272,523473.56,,*,16,,272,523473.56,2014,
1043235211,THROWER,BEN,ATLANTA,GA,Neurology,S,H.P. ACTHAR,CORTICOTROPIN,,11,464,357219.21,,*,,*,,,2014,
1053436923,TITUS,REBIN,MARTINSVILLE,VA,Internal Medicine,S,H.P. ACTHAR,CORTICOTROPIN,,12,219,382753.73,,*,12,,219,382753.73,2014,
1639181670,TUMULURI,SUDHAKAR,LOS GATOS,CA,Rheumatology,S,H.P. ACTHAR,CORTICOTROPIN,15,125,2198,4224795.39,,*,105,,1822,3518794.99,2014,
1578513883,WEN,YONG,NEWBURGH,NY,Nephrology,S,H.P. ACTHAR,CORTICOTROPIN,,12,261,514356.24,,*,,*,,,2014,
1447251707,SEELY,GEORGIA,RICHMOND,VA,Dermatology,S,H.P. ACTHAR,CORTICOTROPIN,,18,306,598288.88,,*,18,,306,598288.88,2014,
1174786297,SINGH,VIJAY,SEWELL,NJ,Rheumatology,S,H.P. ACTHAR,CORTICOTROPIN,18,84,2165,3778127.63,,*,11,,395,809104.34,2014,
1568492346,TWINING,JON,MYRTLE BEACH,SC,Rheumatology,S,H.P. ACTHAR,CORTICOTROPIN,,14,289,547645.46,,*,,*,,,2014,
1063435428,VERSON,REINALDO,COLUMBUS,GA,Neurology,S,H.P. ACTHAR,CORTICOTROPIN,,21,315,894556.36,,#,,#,,,2014,
1831380732,STANLEY,BEENA,INVERNESS,FL,Neurology,S,H.P. ACTHAR,CORTICOTROPIN,,34,215,1364663.13,0,,0,,0,0,2014,
1417907163,STEINGO,BRIAN,POMPANO BEACH,FL,Neurology,S,H.P. ACTHAR,CORTICOTROPIN,,13,65,419025.61,,*,,*,,,2014,
1063587061,WILSON,WILLIAM,ATLANTA,GA,Rheumatology,S,H.P. ACTHAR,CORTICOTROPIN,14,82,2031,3194541.17,,*,35,,796,1219490.72,2014,
1407831480,YUAN,BRAD,COLORADO SPRINGS,CO,Nephrology,S,H.P. ACTHAR,CORTICOTROPIN,,14,240,470772.91,,*,14,,240,470772.91,2014,
1023082914,ZARIF,MYASSAR,BAY SHORE,NY,Neurology,S,H.P. ACTHAR,CORTICOTROPIN,,12,60,382308.8,,*,,*,,,2014,
1033187463,TSENG,CHUNG-E,NEW YORK,NY,Rheumatology,S,H.P. ACTHAR,CORTICOTROPIN,0,13,309,532832.61,0, ,0, ,0,0,2015,
1639181670,TUMULURI,SUDHAKAR,REDWOOD CITY,CA,Rheumatology,S,H.P. ACTHAR,CORTICOTROPIN,16,125,2603,5247215.2,0,#,112, ,2228,4465797,2015,
1982893103,ANTONCHAK,MARC,COLUMBUS,OH,Rheumatology,S,H.P. ACTHAR,CORTICOTROPIN,0,13,332,567214.43,0,*,0,*,0,0,2015,
1144228362,BALDINGER,DAVID,FORT MYERS,FL,Rheumatology,S,H.P. ACTHAR,CORTICOTROPIN,0,20,438,984454.09,0,*,0,*,0,0,2015,
1427101344,BARBOSA,LEYKA,DALLAS,TX,Rheumatology,S,H.P. ACTHAR,CORTICOTROPIN,0,12,222,444454.33,0, ,0, ,0,0,2015,
1417912783,BAUGHMAN,ROBERT,CINCINNATI,OH,Pulmonary Disease,S,H.P. ACTHAR,CORTICOTROPIN,27,196,4619,8995531.46,0,*,51, ,940,1772312.6,2015,
1942252697,BELLO,ALFONSO,GLENVIEW,IL,Rheumatology,S,H.P. ACTHAR,CORTICOTROPIN,11,70,1818,3649107.09,0,*,39, ,1167,2342067.11,2015,
1528000601,UTSINGER,PETER,LITITZ,PA,Internal Medicine,S,H.P. ACTHAR,CORTICOTROPIN,0,32,852,1912885.49,0,*,32, ,852,1912885.49,2015,
1861558504,BOHLEN,ROWYNA,HAUPPAUGE,NY,Nurse Practitioner,S,H.P. ACTHAR,CORTICOTROPIN,0,15,255,529325.55,0, ,0, ,0,0,2015,
1164497236,BUMSTEAD,BARBARA,BAY SHORE,NY,Nurse Practitioner,S,H.P. ACTHAR,CORTICOTROPIN,0,18,228,603537.99,0,*,18, ,228,603537.99,2015,
1245252402,VALENZUELA,GUILLERMO,PLANTATION,FL,Rheumatology,S,H.P. ACTHAR,CORTICOTROPIN,0,15,459,831140.39,0,*,0,*,0,0,2015,
1801094032,CHAN,JACQUELINE,TRACY,CA,Neurology,S,H.P. ACTHAR,CORTICOTROPIN,0,50,672,1695661.52,0,*,0,*,0,0,2015,
1548255318,CHONG,TAE KAE,LEBANON,IN,Nephrology,S,H.P. ACTHAR,CORTICOTROPIN,0,11,385,716216.75,0,*,11, ,385,716216.75,2015,
1376785394,COLEMAN,JESSICA,BEAUFORT,SC,Nephrology,S,H.P. ACTHAR,CORTICOTROPIN,0,17,300,591352.5,0,#,0,#,0,0,2015,
1235100603,COKGOR,ILKCAN,GREENBRAE,CA,Neurology,S,H.P. ACTHAR,CORTICOTROPIN,0,24,120,816594.92,0,*,0,*,0,0,2015,
1881662039,CONDEMI,JOHN,ROCHESTER,NY,Allergy/Immunology,S,H.P. ACTHAR,CORTICOTROPIN,0,19,411,624226.31,0,#,0,#,0,0,2015,
1285709386,CRUMP,GARY,LOUISVILLE,KY,Rheumatology,S,H.P. ACTHAR,CORTICOTROPIN,0,21,638,1055416.97,0,*,0,*,0,0,2015,
1992746820,CUESTA,INOCENCIO,FARMINGTON HILLS,MI,Internal Medicine,S,H.P. ACTHAR,CORTICOTROPIN,0,15,426,517025.76,0,*,15, ,426,517025.76,2015,
1124088380,DERAKHSHAN,IRAJ,CHARLESTON,WV,Neurosurgery,S,H.P. ACTHAR,CORTICOTROPIN,0,27,526,1071086.46,0,*,0,*,0,0,2015,
1205809225,DERUCKI,CAROLE,MISHAWAKA,IN,Nurse Practitioner,S,H.P. ACTHAR,CORTICOTROPIN,0,19,95,657534.4,0,*,0,*,0,0,2015,
1801864020,DHINDSA,HARPREET,FRESNO,CA,Nephrology,S,H.P. ACTHAR,CORTICOTROPIN,0,20,340,688008.99,0, ,0, ,0,0,2015,
1609962026,DIKRANIAN,ARA,SAN DIEGO,CA,Rheumatology,S,H.P. ACTHAR,CORTICOTROPIN,11,66,1365,2673384.74,0,*,32, ,736,1496010.07,2015,
1982667754,DIEHL,MARK,GETTYSBURG,PA,Rheumatology,S,H.P. ACTHAR,CORTICOTROPIN,0,14,393,678705.55,0, ,0, ,0,0,2015,
1396708269,DOMAN,KATHLEEN,CHARLOTTE,NC,Nephrology,S,H.P. ACTHAR,CORTICOTROPIN,0,12,371,411040.24,0,*,12, ,371,411040.24,2015,
1871609388,EVANS,WALTER,FLORENCE,SC,Neurology,S,H.P. ACTHAR,CORTICOTROPIN,0,14,275,477232.53,0, ,0, ,0,0,2015,
1780873398,FISHER,FRITA,ATLANTA,GA,Nephrology,S,H.P. ACTHAR,CORTICOTROPIN,0,11,198,372562.06,0,*,0,*,0,0,2015,
1407093818,FLAUGHER,CANDICE,RICHMOND,IN,Rheumatology,S,H.P. ACTHAR,CORTICOTROPIN,0,19,566,1207206.04,0, ,0, ,0,0,2015,
1396844148,VERZOSA,OSCAR,ELIZABETH,NJ,Internal Medicine,S,H.P. ACTHAR,CORTICOTROPIN,0,28,1045,1202974.96,0,*,0,*,0,0,2015,
1285895540,GARAPATI,HARI NAGA,GREENVILLE,SC,Nephrology,S,H.P. ACTHAR,CORTICOTROPIN,0,11,261,532101.48,0, ,0, ,0,0,2015,
1669571113,GELBER,DAVID,SPRINGFIELD,IL,Neurology,S,H.P. ACTHAR,CORTICOTROPIN,12,21,130,711396.13,0,*,0,*,0,0,2015,
1386755817,GARJIAN,PEGGY ANN,STATEN ISLAND,NY,Rheumatology,S,H.P. ACTHAR,CORTICOTROPIN,13,39,1182,1787288.26,0,#,0,#,0,0,2015,
1952412058,GLENN,DARAN,MIDLOTHIAN,VA,Nephrology,S,H.P. ACTHAR,CORTICOTROPIN,0,15,255,500755.53,0,*,15, ,255,500755.53,2015,
1508876509,GUASCH,ANTONIO,ATLANTA,GA,Nephrology,S,H.P. ACTHAR,CORTICOTROPIN,0,41,929,1985612.53,0,*,15, ,277,502492.03,2015,
1093780728,GUNAWARDANE,RUWANI,FULTON,MD,Neurology,S,H.P. ACTHAR,CORTICOTROPIN,18,54,364,1861994.53,0,*,0,*,0,0,2015,
1801077482,HAMMER,LUIS,CORONA,NY,Physician Assistant,S,H.P. ACTHAR,CORTICOTROPIN,17,56,1834,3797236.42,0,#,0,#,0,0,2015,
1942273099,HARRIS,SCOTT,HENDERSON,NV,Rheumatology,S,H.P. ACTHAR,CORTICOTROPIN,0,11,187,383449.26,0,*,11, ,187,383449.26,2015,
1598739104,HASSAN,FAROOQ,HERMITAGE,PA,Rheumatology,S,H.P. ACTHAR,CORTICOTROPIN,0,19,345,732693.26,0, ,0, ,0,0,2015,
1205833662,HO,GERALD,LA PALMA,CA,Rheumatology,S,H.P. ACTHAR,CORTICOTROPIN,0,11,205,412960.2,0, ,0, ,0,0,2015,
1497747703,WALALIYADDA,ANANDA,POCATELLO,ID,Rheumatology,S,H.P. ACTHAR,CORTICOTROPIN,0,21,483,1056215.6,0,#,0,#,0,0,2015,
1730293705,JACKSON,ROBERT,MEMPHIS,MO,Rheumatology,S,H.P. ACTHAR,CORTICOTROPIN,0,42,1031,2004317.12,0,*,0,*,0,0,2015,
1407813900,KHASTGIR,ANUPA,OKLAHOMA CITY,OK,Nephrology,S,H.P. ACTHAR,CORTICOTROPIN,0,11,187,388543.8,0, ,0, ,0,0,2015,
1114907912,KHALIL,RAFIA,PORT HURON,MI,Rheumatology,S,H.P. ACTHAR,CORTICOTROPIN,0,21,514,1060705.31,0,*,0,*,0,0,2015,
1699822379,KHAN,MOHAMMAD,OKLAHOMA CITY,OK,Rheumatology,S,H.P. ACTHAR,CORTICOTROPIN,0,15,495,694303.36,0,*,0,*,0,0,2015,
1083727333,MAHADEVAN,VIJAYABHANU,SURPRISE,AZ,Rheumatology,S,H.P. ACTHAR,CORTICOTROPIN,0,12,204,412415.75,0,*,0,*,0,0,2015,
1558369553,MANDEL,DAVID,MAYFIELD VILLAGE,OH,Rheumatology,S,H.P. ACTHAR,CORTICOTROPIN,14,112,2394,4731730.46,0,*,82, ,1767,3360886.61,2015,
1174605646,MENDEZ,ENRIQUE,LAKE CHARLES,LA,Internal Medicine,S,H.P. ACTHAR,CORTICOTROPIN,0,19,495,813861.76,0,#,0,#,0,0,2015,
1609876184,MILLER,LORN,JASPER,AL,Neurology,S,H.P. ACTHAR,CORTICOTROPIN,0,11,357,651902.09,0, ,0, ,0,0,2015,
1467426221,MOORE,JACK,WASHINGTON,DC,Nephrology,S,H.P. ACTHAR,CORTICOTROPIN,0,15,255,536792.31,0, ,0, ,0,0,2015,
1467633743,MURRAY,STACEY,ABINGTON,MA,Nurse Practitioner,S,H.P. ACTHAR,CORTICOTROPIN,0,14,185,480999.13,0,*,0,*,0,0,2015,
1134234859,WELLS,ALVIN,FRANKLIN,WI,Rheumatology,S,H.P. ACTHAR,CORTICOTROPIN,0,20,459,751729.36,0,*,0,*,0,0,2015,
1215154562,OTT,STEPHANIE,LANCASTER,OH,Rheumatology,S,H.P. ACTHAR,CORTICOTROPIN,0,14,420,984019.5,0,*,14, ,420,984019.5,2015,
1316045503,PATEL,CHIRAG,MARIETTA,GA,Internal Medicine,S,H.P. ACTHAR,CORTICOTROPIN,0,11,187,372698.13,0,*,0,*,0,0,2015,
1548281413,RAHEJA,DEEPAK,CLEVELAND,OH,Neurology,S,H.P. ACTHAR,CORTICOTROPIN,0,21,105,722012.43,0,*,0,*,0,0,2015,
1881886042,SABAHI,IRAJ,TURLOCK,CA,Internal Medicine,S,H.P. ACTHAR,CORTICOTROPIN,0,14,292,590290.98,0, ,0, ,0,0,2015,
1245295377,SAVAGE,CHRISTINE,DEERFIELD BEACH,FL,Rheumatology,S,H.P. ACTHAR,CORTICOTROPIN,0,11,187,371004.9,0, ,0, ,0,0,2015,
1952321671,SCOTT,JAMES,ORMOND BEACH,FL,Neurology,S,H.P. ACTHAR,CORTICOTROPIN,0,11,78,378885.24,0,*,0,*,0,0,2015,
1801044722,SHAFFER,WILLIAM,GREELEY,CO,Neurology,S,H.P. ACTHAR,CORTICOTROPIN,18,34,373,2355885.67,0,*,0,*,0,0,2015,
1750452116,SHAH,TARIQ,LOS ANGELES,CA,Nephrology,S,H.P. ACTHAR,CORTICOTROPIN,0,13,515,717796.72,0,*,0,*,0,0,2015,
1295941425,SHANMUGAM,SUCHARITHA,PHOENIXVILLE,PA,Rheumatology,S,H.P. ACTHAR,CORTICOTROPIN,0,13,385,476237.49,0,*,0,*,0,0,2015,
1710928049,SINGH,HARINDER,ALLENTOWN,PA,Nephrology,S,H.P. ACTHAR,CORTICOTROPIN,0,11,194,363285,0,*,11, ,194,363285,2015,
1518986652,SMART,CARL,MATTHEWS,NC,Pulmonary Disease,S,H.P. ACTHAR,CORTICOTROPIN,0,16,434,863604.06,0,*,0,*,0,0,2015,
1275514606,SPENCER,SELDEN,AMES,IA,Neurology,S,H.P. ACTHAR,CORTICOTROPIN,0,12,152,419514.9,0, ,0, ,0,0,2015,
1033173794,SRIDHARAN,SUGANDHI,KALAMAZOO,MI,Neurology,S,H.P. ACTHAR,CORTICOTROPIN,0,14,352,486137.49,0, ,0, ,0,0,2015,
1558346262,STARK,KENNETH,TAVARES,FL,Rheumatology,S,H.P. ACTHAR,CORTICOTROPIN,0,20,377,853365.01,0,*,0,*,0,0,2015,
1124181649,SWEISS,NADERA,BURR RIDGE,IL,Rheumatology,S,H.P. ACTHAR,CORTICOTROPIN,12,22,509,1080122.86,0,*,0,*,0,0,2015,
1467553149,WILSON,CHRISTOPHER,PLAINFIELD,IN,Neurology,S,H.P. ACTHAR,CORTICOTROPIN,0,12,336,401541.69,0, ,0, ,0,0,2015,
1760438642,TONKIN,DAVID,SPRINGFIELD,MO,Pain Management,S,H.P. ACTHAR,CORTICOTROPIN,12,40,813,1679052.72,0,*,20, ,390,774449.31,2015,
1982698684,THOPU,ANURADHA,DOUGLASVILLE,GA,Pulmonary Disease,S,H.P. ACTHAR,CORTICOTROPIN,0,14,382,748782.32,0, ,0, ,0,0,2015,
1417998626,TRAN,TRINH,CORAL SPRINGS,FL,Rheumatology,S,H.P. ACTHAR,CORTICOTROPIN,0,13,221,445549.88,0, ,0, ,0,0,2015,
1396744546,YAN,JIE SHI,SIMI VALLEY,CA,Nephrology,S,H.P. ACTHAR,CORTICOTROPIN,0,11,264,367739.26,0,*,11, ,264,367739.26,2015,
1942220702,ZANETAKIS,ELLEN,TULSA,OK,Rheumatology,S,H.P. ACTHAR,CORTICOTROPIN,0,34,680,1343657.17,0,*,34, ,680,1343657.17,2015,
1407831480,YUAN,BRAD,COLORADO SPRINGS,CO,Nephrology,S,H.P. ACTHAR,CORTICOTROPIN,0,12,340,427709.66,0,*,12, ,340,427709.66,2015,
1629165162,AGOSTO-COLON,ENEIDA,JACKSON HEIGHTS,NY,Internal Medicine,S,H.P. ACTHAR,CORTICOTROPIN,,11,198,394586.68,,*,,*,,,2014,
1609846641,ALLEN,EVERETT,SAN ANTONIO,TX,Rheumatology,S,H.P. ACTHAR,CORTICOTROPIN,,18,306,581469.14,0,,0,,0,0,2014,
1558336768,ASKANASE,ANCA,NEW YORK,NY,Rheumatology,S,H.P. ACTHAR,CORTICOTROPIN,,28,518,1062930.77,0,,0,,0,0,2014,
1235100603,COKGOR,ILKCAN,GREENBRAE,CA,Neurology,S,H.P. ACTHAR,CORTICOTROPIN,,27,135,877885.61,,*,,*,,,2014,
1285709386,CRUMP,GARY,LOUISVILLE,KY,Rheumatology,S,H.P. ACTHAR,CORTICOTROPIN,,16,382,510404.46,,*,16,,382,510404.46,2014,
1477655827,COX,RANDY,OWENSBORO,KY,Neurology,S,H.P. ACTHAR,CORTICOTROPIN,15,20,133,717260.52,0,,0,,0,0,2014,
1013944016,DAVIDSON,BENTON,SALEM,OR,Neurology,S,H.P. ACTHAR,CORTICOTROPIN,,20,560,587665.32,0,,0,,0,0,2014,
1720099617,CURRERI,ROBERT,WEST NYACK,NY,Nephrology,S,H.P. ACTHAR,CORTICOTROPIN,,11,209,352756.36,,*,11,,209,352756.36,2014,
1154433720,DETRICH,TERRY,EASTON,MD,Neurology,S,H.P. ACTHAR,CORTICOTROPIN,,11,262,360734.7,,*,11,,262,360734.7,2014,
1396708269,DOMAN,KATHLEEN,CHARLOTTE,NC,Nephrology,S,H.P. ACTHAR,CORTICOTROPIN,,11,253,356583.15,,*,11,,253,356583.15,2014,
1326263955,FABELO,EDWARD,ST. PETERSBURG,FL,Nephrology,S,H.P. ACTHAR,CORTICOTROPIN,,11,220,365296.3,,*,,*,,,2014,
1508859455,GARCIA-CARO,MIGUEL,ALEXANDRIA,LA,Rheumatology,S,H.P. ACTHAR,CORTICOTROPIN,,25,514,940700.44,0,,0,,0,0,2014,
1780873398,FISHER,FRITA,ATLANTA,GA,Nephrology,S,H.P. ACTHAR,CORTICOTROPIN,,14,238,453862.15,,*,14,,238,453862.15,2014,
1225065774,GORDON,GARY,WYNNEWOOD,PA,Rheumatology,S,H.P. ACTHAR,CORTICOTROPIN,,45,1233,2361256.83,,#,,#,,,2014,
1386851988,GHARIB,SUZANNE,SOUTH CHARLESTON,WV,Rheumatology,S,H.P. ACTHAR,CORTICOTROPIN,,11,259,492501.72,0,,0,,0,0,2014,
1093911356,GOSS,BRITTANY,NAPA,CA,Rheumatology,S,H.P. ACTHAR,CORTICOTROPIN,,20,443,833423.19,,*,,*,,,2014,
1255440384,GAYLIS,NORMAN,AVENTURA,FL,Rheumatology,S,H.P. ACTHAR,CORTICOTROPIN,,16,272,516864.92,0,,0,,0,0,2014,
1750382800,HADDAD,RICHARD,RED BANK,NJ,Rheumatology,S,H.P. ACTHAR,CORTICOTROPIN,12,44,1221,2397941.29,,*,22,,536,1085250.73,2014,
1548220288,GIBSON,SANDY,RICHMOND,VA,Nephrology,S,H.P. ACTHAR,CORTICOTROPIN,,11,198,350263,,*,11,,198,350263,2014,
1942273099,HARRIS,SCOTT,HENDERSON,NV,Rheumatology,S,H.P. ACTHAR,CORTICOTROPIN,,19,323,624869.64,,*,19,,323,624869.64,2014,
1093780728,GUNAWARDANE,RUWANI,FULTON,MD,Neurology,S,H.P. ACTHAR,CORTICOTROPIN,18,42,256,1383398.36,,*,,*,,,2014,
1154401719,HUBBERT,KRISTINE,SAINT CLAIR SHORES,MI,Physician Assistant,S,H.P. ACTHAR,CORTICOTROPIN,12,19,141,631744.06,,*,,*,,,2014,
1750440848,HERRON,KRISTINE,OLATHE,KS,Nephrology,S,H.P. ACTHAR,CORTICOTROPIN,,11,337,679819.87,,*,11,,337,679819.87,2014,
1104880780,IMPERATO,ANNA,MANHASSET,NY,Rheumatology,S,H.P. ACTHAR,CORTICOTROPIN,,16,443,907533.29,,#,,#,,,2014,
1750584843,JAIN,GAURAV,BIRMINGHAM,AL,Nephrology,S,H.P. ACTHAR,CORTICOTROPIN,,14,244,454482.95,0,,0,,0,0,2014,
1114907912,KHALIL,RAFIA,PORT HURON,MI,Rheumatology,S,H.P. ACTHAR,CORTICOTROPIN,13,46,1358,2225216.66,,*,28,,833,1371115.84,2014,
1699822379,KHAN,MOHAMMAD,OKLAHOMA CITY,OK,Rheumatology,S,H.P. ACTHAR,CORTICOTROPIN,,12,430,620090.24,,*,12,,430,620090.24,2014,
1235181710,KHAN,MOHAMMED,MEMPHIS,TN,Internal Medicine,S,H.P. ACTHAR,CORTICOTROPIN,,12,204,398367.38,0,,0,,0,0,2014,
1730185471,KLEIN,STEVEN,HAGERSTOWN,MD,Rheumatology,S,H.P. ACTHAR,CORTICOTROPIN,,12,237,400929.93,,*,12,,237,400929.93,2014,
1740239227,LAVERY,JOHN,ALLEN,TX,Rheumatology,S,H.P. ACTHAR,CORTICOTROPIN,,17,654,1182365.45,,*,,*,,,2014,
1639150881,LIDMAN,ROGER,CHESAPEAKE,VA,Rheumatology,S,H.P. ACTHAR,CORTICOTROPIN,,11,205,391140.3,0,,0,,0,0,2014,
1811918568,MARSHALL,JOHN,BATON ROUGE,LA,Rheumatology,S,H.P. ACTHAR,CORTICOTROPIN,,17,289,569912.6,0,,0,,0,0,2014,
1174605646,MENDEZ,ENRIQUE,LAKE CHARLES,LA,Internal Medicine,S,H.P. ACTHAR,CORTICOTROPIN,,39,661,1266702.83,,*,25,,423,808863.68,2014,
1245232032,MISKOFF,JEFFREY,MANASQUAN,NJ,Pulmonary Disease,S,H.P. ACTHAR,CORTICOTROPIN,,19,323,614840.1,,*,,*,,,2014,
1225126329,MATHIS,BEVERLY,TULSA,OK,Nephrology,S,H.P. ACTHAR,CORTICOTROPIN,,12,360,774868.62,0,,0,,0,0,2014,
1700856697,MHATRE,VIJAY,TOPEKA,KS,Rheumatology,S,H.P. ACTHAR,CORTICOTROPIN,,22,374,730611.95,,*,22,,374,730611.95,2014,
1528043130,PEGRAM,SAMUEL,HOUSTON,TX,Rheumatology,S,H.P. ACTHAR,CORTICOTROPIN,,12,294,426423.86,0,,0,,0,0,2014,
1346257045,PHILLIPS,CHRISTINE,HANOVER,PA,Rheumatology,S,H.P. ACTHAR,CORTICOTROPIN,,19,385,663813.84,,#,,#,,,2014,
1215154562,OTT,STEPHANIE,LANCASTER,OH,Rheumatology,S,H.P. ACTHAR,CORTICOTROPIN,,14,343,546885.81,,*,,*,,,2014,
1114992773,RIHACEK,GREGORY,SOMERSET,NJ,Internal Medicine,S,H.P. ACTHAR,CORTICOTROPIN,,13,392,862618.06,,*,,*,,,2014,
1881037489,PUTNAM,TALYNA,RICHMOND,VA,Nurse Practitioner,S,H.P. ACTHAR,CORTICOTROPIN,,11,280,518056.26,,*,,*,,,2014,
1730193533,REGULE,DAVID,YOUNGSTOWN,OH,Rheumatology,S,H.P. ACTHAR,CORTICOTROPIN,,11,187,365450.53,,*,11,,187,365450.53,2014,
1538309174,ROE,KEVIN,STATE COLLEGE,PA,Internal Medicine,T,H.P. ACTHAR,CORTICOTROPIN,,11,330,720936.28,0,,0,,0,0,2014,
1275528598,SALIFU,MORO,BROOKLYN,NY,Nephrology,S,H.P. ACTHAR,CORTICOTROPIN,,18,396,729173.61,0,,0,,0,0,2014,
1114979234,ROMAN,RENATO,ZANESVILLE,OH,Nephrology,S,H.P. ACTHAR,CORTICOTROPIN,,17,289,556782.13,,*,17,,289,556782.13,2014,
1215906771,ROSNACK,DAVID,GEORGETOWN,SC,Internal Medicine,S,H.P. ACTHAR,CORTICOTROPIN,,11,187,354843.72,,*,11,,187,354843.72,2014,
1356302962,SOLOMAN,NEHAD,PHOENIX,AZ,Rheumatology,S,H.P. ACTHAR,CORTICOTROPIN,,26,475,920117.26,,*,26,,475,920117.26,2014,
1730132689,VASIN,DMITRI,BREMERTON,WA,Nephrology,S,H.P. ACTHAR,CORTICOTROPIN,,13,320,420534.26,,*,13,,320,420534.26,2014,
1992942551,STEFANCHIK,BETH,KINGSTON,NY,Nephrology,S,H.P. ACTHAR,CORTICOTROPIN,,11,187,358118.43,,*,11,,187,358118.43,2014,
1659438562,STAINBROOK,DAVID,ZANESVILLE,OH,Rheumatology,S,H.P. ACTHAR,CORTICOTROPIN,,11,254,477109.85,,*,,*,,,2014,
1679572135,STEWART,DOUGLAS,WINSTON-SALEM,NC,Nephrology,S,H.P. ACTHAR,CORTICOTROPIN,,14,238,457725.6,0,,0,,0,0,2014,
1396844148,VERZOSA,OSCAR,ELIZABETH,NJ,Internal Medicine,S,H.P. ACTHAR,CORTICOTROPIN,,22,696,850053.46,,#,,#,,,2014,
1700819083,TURKAY,ATAC,MONACA,PA,Rheumatology,S,H.P. ACTHAR,CORTICOTROPIN,,22,508,970687.06,0,,0,,0,0,2014,
1528000601,UTSINGER,PETER,LITITZ,PA,Internal Medicine,S,H.P. ACTHAR,CORTICOTROPIN,,31,746,1802867.81,,#,,#,,,2014,
1821032608,TROUM,ORRIN,SANTA MONICA,CA,Rheumatology,S,H.P. ACTHAR,CORTICOTROPIN,0,20,392,811788.76,0,*,0,*,0,0,2015,
1407992597,ZITO,SUSAN,LARGO,FL,Rheumatology,S,H.P. ACTHAR,CORTICOTROPIN,,27,903,1073683.58,,#,,#,,,2014,
1174597025,ABREU,ELPIDIO,OCOEE,FL,Nephrology,S,H.P. ACTHAR,CORTICOTROPIN,0,13,426,438306.58,0,*,13, ,426,438306.58,2015,
1609035872,AKERS,GWENDOLYN,SAINT MARYS,PA,Nephrology,S,H.P. ACTHAR,CORTICOTROPIN,0,11,187,374623.56,0,*,11, ,187,374623.56,2015,
1154372167,BAKER,MATTHEW,NAPLES,FL,Neurology,S,H.P. ACTHAR,CORTICOTROPIN,0,27,135,920493.12,0,#,0,#,0,0,2015,
1497743462,BAJWA,MOHSIN,HOUSTON,TX,Pulmonary Disease,S,H.P. ACTHAR,CORTICOTROPIN,0,15,273,637674.84,0,*,0,*,0,0,2015,
1568505170,BEN-ARTZI,AMI,BEVERLY HILLS,CA,Rheumatology,S,H.P. ACTHAR,CORTICOTROPIN,0,19,385,799650.25,0, ,0, ,0,0,2015,
1881743748,BERKOVICH,REGINA,LOS ANGELES,CA,Neurology,S,H.P. ACTHAR,CORTICOTROPIN,0,16,371,614759.86,0,*,0,*,0,0,2015,
1437176963,BRASINGTON,RICHARD,SAINT LOUIS,MO,Rheumatology,S,H.P. ACTHAR,CORTICOTROPIN,0,15,255,523227.26,0,*,15, ,255,523227.26,2015,
1437198348,BUCCELLATO,LEONARD,MUNSTER,IN,Pulmonary Disease,S,H.P. ACTHAR,CORTICOTROPIN,0,11,324,763833,0,*,11, ,324,763833,2015,
1932262516,BUSCH,HOWARD,LOXAHATCHEE,FL,Rheumatology,S,H.P. ACTHAR,CORTICOTROPIN,0,17,478,1514134.27,0,*,0,*,0,0,2015,
1043210214,CHANDRASEKHAR,KAUSALYA,KOKOMO,IN,Rheumatology,S,H.P. ACTHAR,CORTICOTROPIN,0,15,304,640047.81,0,#,0,#,0,0,2015,
1871530469,CONNER,KEVIN,LONGVIEW,TX,Neurology,S,H.P. ACTHAR,CORTICOTROPIN,0,14,380,691477.18,0,*,14, ,380,691477.18,2015,
1477655827,COX,RANDY,OWENSBORO,KY,Neurology,S,H.P. ACTHAR,CORTICOTROPIN,0,13,93,465973.88,0,*,0,*,0,0,2015,
1730132689,VASIN,DMITRI,BREMERTON,WA,Nephrology,S,H.P. ACTHAR,CORTICOTROPIN,0,34,713,1414652.99,0,*,34, ,713,1414652.99,2015,
1669548848,DELAVEGA,OSVALDO,LAS CRUCES,NM,Nephrology,S,H.P. ACTHAR,CORTICOTROPIN,0,13,221,438956.25,0,*,13, ,221,438956.25,2015,
1316188048,DIBIASE,MICHAEL,SAN LUIS OBISPO,CA,Internal Medicine,S,H.P. ACTHAR,CORTICOTROPIN,0,11,187,372892.96,0,*,11, ,187,372892.96,2015,
1154319432,VEERAPPAN,VENKATACHALAM,LAS VEGAS,NV,Neurology,S,H.P. ACTHAR,CORTICOTROPIN,0,14,319,491403.93,0,*,0,*,0,0,2015,
1033221148,DOMINGUEZ,DANIEL,OROVILLE,CA,Physician Assistant,S,H.P. ACTHAR,CORTICOTROPIN,0,16,80,556282.68,0, ,0, ,0,0,2015,
1316935836,ELKHALILI,ABDELNASER,WEBSTER,TX,Rheumatology,S,H.P. ACTHAR,CORTICOTROPIN,0,14,393,895633.66,0,*,0,*,0,0,2015,
1912999244,FARBER,MARTIN,SCHENECTADY,NY,Rheumatology,S,H.P. ACTHAR,CORTICOTROPIN,0,12,336,404538,0,*,12, ,336,404538,2015,
1164460887,FIECHTNER,JUSTUS,LANSING,MI,Rheumatology,S,H.P. ACTHAR,CORTICOTROPIN,0,37,664,1437532.29,0,*,0,*,0,0,2015,
1285617530,FOSTER,CHARLES,WALTHAM,MA,Ophthalmology,S,H.P. ACTHAR,CORTICOTROPIN,0,16,398,790770.04,0,*,16, ,398,790770.04,2015,
1871605436,FRAZER,MARGARET,CARMEL,IN,Neurology,S,H.P. ACTHAR,CORTICOTROPIN,0,12,147,410709.47,0,*,0,*,0,0,2015,
1003816463,GARCIA MAYOL,LUIS,CORAL GABLES,FL,Nephrology,S,H.P. ACTHAR,CORTICOTROPIN,0,14,320,702776.48,0, ,0, ,0,0,2015,
1508859455,GARCIA-CARO,MIGUEL,ALEXANDRIA,LA,Rheumatology,S,H.P. ACTHAR,CORTICOTROPIN,0,30,627,1129090.82,0, ,0, ,0,0,2015,
1962419838,GANESH,MANICKAM,WEST ORANGE,NJ,Nephrology,S,H.P. ACTHAR,CORTICOTROPIN,0,35,1088,1432770.98,0,#,0,#,0,0,2015,
1417055922,GARWACKI,DENNIS,PEORIA,IL,Neurology,S,H.P. ACTHAR,CORTICOTROPIN,0,11,255,380650.36,0,*,0,*,0,0,2015,
1497729818,GERA,MANISH,TERRE HAUTE,IN,Nephrology,S,H.P. ACTHAR,CORTICOTROPIN,0,11,226,464097.74,0,*,0,*,0,0,2015,
1700888559,GRESH,JOHN,OCALA,FL,Rheumatology,S,H.P. ACTHAR,CORTICOTROPIN,0,12,424,893347.54,0,*,0,*,0,0,2015,
1851326177,GRISANTI,MICHAEL,ORCHARD PARK,NY,Rheumatology,S,H.P. ACTHAR,CORTICOTROPIN,0,23,655,939896.34,0, ,0, ,0,0,2015,
1750382800,HADDAD,RICHARD,RED BANK,NJ,Rheumatology,S,H.P. ACTHAR,CORTICOTROPIN,11,35,937,1999476.36,0,#,0,#,0,0,2015,
1497721393,HALLA,JAMES,SPARTANBURG,SC,Rheumatology,S,H.P. ACTHAR,CORTICOTROPIN,0,26,862,1688702.99,0,*,0,*,0,0,2015,
1982622825,HEGAB,IBRAHIM,RICHMOND,VA,Neurology,S,H.P. ACTHAR,CORTICOTROPIN,0,11,135,410547.47,0, ,0, ,0,0,2015,
1023200565,HEGDE,NIKITA,STOW,OH,Rheumatology,S,H.P. ACTHAR,CORTICOTROPIN,0,20,745,1051843.47,0,#,0,#,0,0,2015,
1992795785,HILL,EDWARD,WINSTON-SALEM,NC,Neurology,S,H.P. ACTHAR,CORTICOTROPIN,0,17,163,998054.92,0,*,0,*,0,0,2015,
1851330328,IOANNOU,JOHN,ROCKVILLE CENTRE,NY,Nephrology,S,H.P. ACTHAR,CORTICOTROPIN,0,12,215,379808.12,0,*,12, ,215,379808.12,2015,
1619929932,JAN,AMBEREEN,EXTON,PA,Nephrology,S,H.P. ACTHAR,CORTICOTROPIN,0,18,317,615110.37,0,*,18, ,317,615110.37,2015,
1407937170,KANCHA,KOTESWARI,JACKSONVILLE,FL,Nephrology,S,H.P. ACTHAR,CORTICOTROPIN,0,17,296,577186.88,0, ,0, ,0,0,2015,
1548352594,KHAN,INTAZAM,ASTORIA,NY,Neurology,S,H.P. ACTHAR,CORTICOTROPIN,0,15,75,513153.53,0,*,0,*,0,0,2015,
1831152701,KINKEL,PETER,WILLIAMSVILLE,NY,Diagnostic Radiology,S,H.P. ACTHAR,CORTICOTROPIN,11,15,98,511497.24,0,*,0,*,0,0,2015,
1013087634,KHURANA,RITU,CHESTER,PA,Rheumatology,S,H.P. ACTHAR,CORTICOTROPIN,0,55,1588,2750215.7,0,*,11, ,424,785924.03,2015,
1508837766,KIMELHEIM,ROBERT,PHILADELPHIA,PA,Rheumatology,S,H.P. ACTHAR,CORTICOTROPIN,0,28,665,1412851.54,0,#,0,#,0,0,2015,
1023024460,KOUTCHER,MARTIN,PHILADELPHIA,PA,Internal Medicine,S,H.P. ACTHAR,CORTICOTROPIN,0,16,377,763269.88,0,*,0,*,0,0,2015,
1598741837,KOOISTRA,CAROL,SPARTANBURG,SC,Neurology,S,H.P. ACTHAR,CORTICOTROPIN,0,11,418,478560.23,0,*,0,*,0,0,2015,
1881617652,LAC,PETER,HEMET,CA,Internal Medicine,S,H.P. ACTHAR,CORTICOTROPIN,0,18,339,709482.36,0,*,18, ,339,709482.36,2015,
1619935624,LAWRENCE-FORD,THERESA,LAWRENCEVILLE,GA,Rheumatology,S,H.P. ACTHAR,CORTICOTROPIN,0,40,783,1578624.13,0,*,0,*,0,0,2015,
1336128859,LEVINE,TODD,PHOENIX,AZ,Neurology,S,H.P. ACTHAR,CORTICOTROPIN,0,11,190,481216.6,0,*,0,*,0,0,2015,
1164538922,LOVE,EVELYN,WORCESTER,MA,Rheumatology,S,H.P. ACTHAR,CORTICOTROPIN,0,18,518,1092980.15,0, ,0, ,0,0,2015,
1730271933,MABAQUIAO,ARTHUR,EL CAJON,CA,Rheumatology,S,H.P. ACTHAR,CORTICOTROPIN,0,23,648,1392724.6,0,*,0,*,0,0,2015,
1700996758,MACALUSO,VINCENT,NEW HYDE PARK,NY,Neurology,S,H.P. ACTHAR,CORTICOTROPIN,0,12,84,843266.57,0,*,0,*,0,0,2015,
1396738415,MALLICK,SHAHID,SUGAR LAND,TX,Pulmonary Disease,S,H.P. ACTHAR,CORTICOTROPIN,0,13,221,457946.97,0,*,13, ,221,457946.97,2015,
1962467084,MALDONADO,MARCOS,AVENTURA,FL,Rheumatology,S,H.P. ACTHAR,CORTICOTROPIN,0,11,244,413013.12,0,*,11, ,244,413013.12,2015,
1225126329,MATHIS,BEVERLY,TULSA,OK,Nephrology,S,H.P. ACTHAR,CORTICOTROPIN,0,16,272,542622.78,0, ,0, ,0,0,2015,
1083771927,MIHINDUKULASURIYA,JOSEPH,GLENS FALLS,NY,Nephrology,S,H.P. ACTHAR,CORTICOTROPIN,0,13,364,454288.05,0,*,13, ,364,454288.05,2015,
1679533640,MURDOCK,CHARLES,SPARTANBURG,SC,Nephrology,S,H.P. ACTHAR,CORTICOTROPIN,0,30,674,1301113.34,0,*,30, ,674,1301113.34,2015,
1205834397,MURPHY,FREDERICK,DUNCANSVILLE,PA,Rheumatology,S,H.P. ACTHAR,CORTICOTROPIN,0,21,423,849599.49,0,#,0,#,0,0,2015,
1578630216,NEWSOME,VERONICA,DU BOIS,PA,Rheumatology,S,H.P. ACTHAR,CORTICOTROPIN,0,41,697,1396667.83,0,*,19, ,323,646653.67,2015,
1437199379,WELIK,ROBERT,CUMBERLAND,MD,Internal Medicine,S,H.P. ACTHAR,CORTICOTROPIN,0,19,323,643428.59,0,*,0,*,0,0,2015,
1861629420,PARGETER,KEVIN,CHILLICOTHE,OH,Nephrology,S,H.P. ACTHAR,CORTICOTROPIN,0,12,204,421967.16,0,*,12, ,204,421967.16,2015,
1417148834,PARRIS,GLENN,LAWRENCEVILLE,GA,Rheumatology,S,H.P. ACTHAR,CORTICOTROPIN,0,33,583,1165822.94,0, ,0, ,0,0,2015,
1710039045,REDDY,SHANMUGAPRIYA,RIVERVIEW,FL,Rheumatology,S,H.P. ACTHAR,CORTICOTROPIN,0,17,313,615621.87,0,*,17, ,313,615621.87,2015,
1609067792,RENGEN,ROHAN,FREDERICK,MD,Nephrology,S,H.P. ACTHAR,CORTICOTROPIN,0,29,615,1264462.81,0,*,29, ,615,1264462.81,2015,
1558441212,SAAD,JULIETTE,SPARTANBURG,SC,Neurology,S,H.P. ACTHAR,CORTICOTROPIN,0,11,55,378090.6,0, ,0, ,0,0,2015,
1447251707,SEELY,GEORGIA,RICHMOND,VA,Dermatology,S,H.P. ACTHAR,CORTICOTROPIN,0,19,323,664531.35,0,*,19, ,323,664531.35,2015,
1700824521,SHAPIRO,CRAIG,JACKSONVILLE,FL,Nephrology,S,H.P. ACTHAR,CORTICOTROPIN,0,12,232,420884.19,0, ,0, ,0,0,2015,
1073588844,SHORT,BRIAN,RICHMOND,IN,Nurse Practitioner,S,H.P. ACTHAR,CORTICOTROPIN,0,18,530,855431.39,0,*,0,*,0,0,2015,
1063462430,SHULTZ,AMY,DUNCAN,OK,Rheumatology,S,H.P. ACTHAR,CORTICOTROPIN,0,19,390,716750.09,0, ,0, ,0,0,2015,
1790755288,SHETH,ANIL,HOUSTON,TX,Nephrology,S,H.P. ACTHAR,CORTICOTROPIN,0,12,204,396890,0,*,12, ,204,396890,2015,
1467458661,STEINER,DAVID,CEDARHURST,NY,Neurology,S,H.P. ACTHAR,CORTICOTROPIN,0,20,125,680260.17,0, ,0, ,0,0,2015,
1831184431,STEPHENS,ANTHONY,CREST HILL,IL,Neurology,S,H.P. ACTHAR,CORTICOTROPIN,21,37,325,1413862.14,0,*,0,*,0,0,2015,
1508946385,SULICH,ANDREW,SAINT CLAIR SHORES,MI,Rheumatology,S,H.P. ACTHAR,CORTICOTROPIN,0,12,338,971237.28,0,*,0,*,0,0,2015,
1902900301,STODDARD,CHARLES,CONCORD,NC,Nephrology,S,H.P. ACTHAR,CORTICOTROPIN,0,19,348,659917.8,0,*,19, ,348,659917.8,2015,
1629348214,WILSON,AUBREY,LILLINGTON,NC,Physician Assistant,S,H.P. ACTHAR,CORTICOTROPIN,0,11,308,368313.45,0, ,0, ,0,0,2015,
1346292901,TABBY,DAVID,BALA CYNWYD,PA,Neurology,S,H.P. ACTHAR,CORTICOTROPIN,0,18,373,815000.83,0, ,0, ,0,0,2015,
1104823509,TABER,TIM,INDIANAPOLIS,IN,Nephrology,S,H.P. ACTHAR,CORTICOTROPIN,0,11,184,384826.5,0,*,11, ,184,384826.5,2015,
1972662393,THEUVENET,NICOLE,HENDERSON,NV,Neurology,S,H.P. ACTHAR,CORTICOTROPIN,0,27,205,1405525.42,0,*,0,*,0,0,2015,
1740370287,THOMAS,JULIE,RENO,NV,Rheumatology,S,H.P. ACTHAR,CORTICOTROPIN,0,14,271,475132.46,0, ,0, ,0,0,2015,
1588756712,TOTH-RUSSELL,PAULA,MISHAWAKA,IN,Neurology,S,H.P. ACTHAR,CORTICOTROPIN,0,21,220,718690.47,0,*,0,*,0,0,2015,
1245240274,WRIGHT,GRACE,NEW YORK,NY,Rheumatology,S,H.P. ACTHAR,CORTICOTROPIN,0,13,364,705213.73,0,#,0,#,0,0,2015,
